{"time": "2021-06-29_14-29-24", "last_steps": 1960000, "last_episode": 17997, "last_score": -0.32, "scores1": [-1.0, -1.0, -1.0, -1.0, -1.0, -1.0, -0.6, -1.0, -1.0, -0.2727272727272727, -1.0, -1.0, -1.0, -1.0, -1.0, -0.22727272727272727, 0.0, -1.0, 0.09090909090909091, -1.0, -1.0, -1.0, -1.0, -1.0, -1.0, -1.0, -1.0, -1.0, -0.2, -1.0, -1.0, -0.6923076923076923, -0.9753086419753086, -1.0, -1.0, -1.0, -1.0, -1.0, -0.8125, -1.0, -1.0, -1.0, -0.6842105263157895, -1.0, -1.0, -1.0, -1.0, -1.0, -0.04, -1.0, -1.0, -1.0, -1.0, -0.52, -1.0, -1.0, -1.0, -0.9223300970873787, -1.0, -1.0, -1.0, -1.0, -0.7916666666666666, -1.0, 0.3684210526315789, -0.9058823529411765, 0.4117647058823529, -1.0, -1.0, -0.15151515151515152, -1.0, -1.0, -1.0, -1.0, 0.0948905109489051, -1.0, -0.7087378640776699, -0.9473684210526315, -1.0, -1.0, 0.625, -0.631578947368421, -1.0, 0.25, -1.0, -0.984, -0.4418604651162791, -0.8955223880597015, -0.3783783783783784, -1.0, -1.0, -1.0, -1.0, -0.6875, -1.0, -0.5135135135135135, -1.0, -1.0, 0.46206896551724136, -1.0, 0.3684210526315789, -1.0, -1.0, -0.9534883720930233, -0.4594594594594595, -1.0, -0.9694656488549618, -1.0, -1.0, -0.23076923076923078, -1.0, -0.26666666666666666, -0.9111111111111111, -0.8923766816143498, -0.9391304347826087, -0.5522388059701493, -1.0, 0.13043478260869565, -0.8, -1.0, -1.0, -1.0, -1.0, -0.2857142857142857, 0.4807692307692308, -1.0, -1.0, 0.7254901960784313, -0.9210526315789473, -1.0, -0.3333333333333333, -0.5, -1.0, -0.075, -0.047619047619047616, 0.21568627450980393, -1.0, -1.0, -1.0, -0.1111111111111111, 0.3333333333333333, -0.06493506493506493, -1.0, -0.34615384615384615, -0.8699186991869918, -0.75, -0.926605504587156, -1.0, 0.3333333333333333, -1.0, -0.7428571428571429, -0.5283018867924528, -1.0, -0.6511627906976745, -1.0, -0.946524064171123, -0.48214285714285715, -1.0, -1.0, -1.0, 0.512396694214876, 0.09774436090225563, -0.9848484848484849, -0.8333333333333334, 0.023255813953488372, -0.9868421052631579, -0.6223776223776224, -0.4666666666666667, -0.9032258064516129, -1.0, -1.0, 0.06976744186046512, -0.972027972027972, -0.9047619047619048, -0.6949152542372882, 0.05714285714285714, -0.9826086956521739, 0.2857142857142857, -0.9142857142857143, -1.0, -0.345679012345679, -0.9912663755458515, -1.0, -0.08196721311475409, -0.9285714285714286, -0.9849624060150376, -0.9487179487179487, -1.0, -0.9, -1.0, -0.8250950570342205, -0.7611940298507462, 0.4306569343065693, -0.847457627118644, 0.5172413793103449, -0.32, -0.503030303030303], "value_est1": [0.03084843108113855, 0.01807095520310104, 0.02847690872400999, 0.029859048412553966, 0.02605626151403412, 0.03035307055832818, 0.031191168927494437, 0.03361560164615512, 0.031052586046606302, 0.034199742420949045, 0.030706778548005968, 0.03059034432247281, 0.02860616854634136, 0.030446819429285826, 0.02670241673020646, 0.029173027568589895, 0.029534719985816627, 0.027498045631032437, 0.03170805224366486, 0.030750972050707787, 0.02746097903419286, 0.027367071460559965, 0.02794612492211163, 0.028223169612325728, 0.027851775262504815, 0.02767577444501221, 0.02788524017278105, 0.02743223523143679, 0.02907245908640325, 0.02733690519426018, 0.02752032996341586, 0.02806026533897966, 0.027425231148675084, 0.026666256245411933, 0.026826935157366096, 0.026088459330610932, 0.025988701828010382, 0.025627658852003514, 0.02651138849090785, 0.025522614806331695, 0.024667121600732207, 0.025316052061133087, 0.025965010695531966, 0.02508750673085451, 0.024742231483384967, 0.023710497939027846, 0.024421089709922673, 0.02417100898642093, 0.02876625584345311, 0.024334866104088724, 0.022640738977119327, 0.023463749166950584, 0.023042567918263375, 0.02544713458120823, 0.02310577308163047, 0.022068913681432604, 0.022549304410070182, 0.025048481192439794, 0.022366375248134136, 0.021978245382755994, 0.022229454821906983, 0.022361790559627115, 0.026316665043123067, 0.02040102283358574, 0.03426332985367626, 0.023348294000700116, 0.0609258157229051, 0.02011718658208847, 0.020935295373387636, 0.04473040577080101, 0.020269135455414655, 0.020254959059506656, 0.020110639006458222, 0.019742892278172077, 0.06124485397506505, 0.019879495684988795, 0.02936721622981131, 0.020564461837522686, 0.01964212481174618, 0.019497819396294653, 0.05884801666531712, 0.023947863918542863, 0.019364415266737343, 0.029532667992450298, 0.0187090228183195, 0.020225271607935427, 0.027314941927045585, 0.023477123163826764, 0.047912777604162696, 0.018246144330129027, 0.01740361160915345, 0.017711024192534387, 0.018122862986475228, 0.02118187989667058, 0.01780084665659815, 0.023994019314274192, 0.017797054188326, 0.016599510217271744, 0.09597923162914812, 0.016557479872740807, 0.027514933549426496, 0.01670132710840553, 0.01615695401057601, 0.017632278636004774, 0.024744645141996445, 0.01657725648637861, 0.018417494857124985, 0.015891655690502375, 0.01694226054912433, 0.02730485627623275, 0.01708729667989537, 0.03294002259029075, 0.018064039473887534, 0.026385662317276, 0.02095432153204456, 0.049133364493027326, 0.01425098677650094, 0.046968151437118646, 0.0166396055014804, 0.014393965521734208, 0.014865841880720109, 0.015259049635287375, 0.015354888080712408, 0.027949462273623795, 0.07883366583883762, 0.01480038730027154, 0.015353311939630658, 0.05158996127927676, 0.018019672955945133, 0.012958298424072564, 0.018293138242606075, 0.018608246666844935, 0.013579877789784223, 0.04676172645771876, 0.03239068355700001, 0.0704800000872463, 0.013598221163358539, 0.013001882925070823, 0.01256039608977735, 0.05941302137197926, 0.052340045069903134, 0.047655392724461856, 0.012943187997862697, 0.05965129502695054, 0.020036791073624046, 0.0247628103335388, 0.01640717254951596, 0.012647072527464479, 0.056737434043642135, 0.01248295711018145, 0.02190661540729925, 0.03754828292680904, 0.01241914966031909, 0.025410080329701306, 0.011920070469751954, 0.01641897153388709, 0.03883892523963004, 0.01162904036110267, 0.011533083368185908, 0.011767533671576529, 0.18498070490024984, 0.08213809625459835, 0.013072600217256695, 0.02018259056834504, 0.05506359607260674, 0.012460942082107067, 0.045281915237288924, 0.030930591535568236, 0.013854368738085031, 0.011769716399721802, 0.010644700132403522, 0.03227580933021382, 0.012370777804683894, 0.013715058571100235, 0.018302129029016942, 0.159356445410382, 0.013742497851606458, 0.08841473879031837, 0.01355065292455256, 0.010537780406884849, 0.05940703764399514, 0.011216886838339268, 0.010360723166540265, 0.03865961035517976, 0.01217824303675443, 0.011152865316066891, 0.015763156990520655, 0.009980902299564332, 0.01588351766029373, 0.009641498867888003, 0.03425112312929705, 0.018417379215639084, 0.11426979195671157, 0.02716872845636681, 0.11557321039140224, 0.044544962856173514, 0.0524568177276291],