{"time": "2021-06-29_14-26-45", "last_steps": 1940000, "last_episode": 17757, "last_score": -0.9178082191780822, "scores1": [-1.0, -1.0, -0.41935483870967744, -0.29411764705882354, -1.0, -1.0, -1.0, -1.0, 0.5714285714285714, -0.3333333333333333, -0.6, -1.0, -1.0, -1.0, -1.0, 0.16129032258064516, -0.10526315789473684, -1.0, -1.0, -1.0, 0.3, -0.11864406779661017, -0.5932203389830508, -1.0, -1.0, -1.0, -1.0, 0.7777777777777778, -1.0, -1.0, -1.0, -1.0, -1.0, -1.0, -0.11864406779661017, 0.5555555555555556, -0.18181818181818182, -0.5833333333333334, -1.0, -1.0, -1.0, 0.3333333333333333, -0.7777777777777778, -1.0, -1.0, -0.9795918367346939, -1.0, -0.9811320754716981, -0.926605504587156, -1.0, -1.0, 0.28, -0.9908675799086758, -1.0, -1.0, -1.0, -1.0, -0.4166666666666667, -1.0, -0.9788359788359788, -1.0, -1.0, -1.0, -1.0, -0.2631578947368421, -1.0, -1.0, -0.9272727272727272, -0.3076923076923077, -0.9411764705882353, -0.35714285714285715, -1.0, -1.0, -0.9655172413793104, -0.9826086956521739, -0.7959183673469388, -1.0, -0.8461538461538461, -1.0, -1.0, -0.7181208053691275, -0.6, -1.0, -1.0, -1.0, -1.0, -0.96, -1.0, -1.0, -0.7857142857142857, -0.9714285714285714, -0.9701492537313433, -1.0, -1.0, -0.9777777777777777, -1.0, -0.8235294117647058, -0.6363636363636364, -1.0, -1.0, 0.5238095238095238, 0.7166666666666667, 0.1, -0.5177304964539007, -0.9788359788359788, -0.3793103448275862, -0.6515151515151515, -1.0, -1.0, -1.0, -0.9874213836477987, -1.0, -0.8636363636363636, -1.0, -0.9783783783783784, -1.0, -1.0, -1.0, -1.0, 0.20833333333333334, -0.9672131147540983, -0.8153846153846154, -0.5106382978723404, -0.5172413793103449, -1.0, 0.7122302158273381, -0.8582677165354331, -1.0, -0.967741935483871, -1.0, 0.10416666666666667, -0.3684210526315789, -0.5272727272727272, -0.9855072463768116, 0.40425531914893614, -0.7446808510638298, -0.6666666666666666, -1.0, -1.0, -0.9652173913043478, -1.0, -1.0, -1.0, -0.8909090909090909, -0.9771428571428571, -1.0, -0.41304347826086957, -0.8956521739130435, -0.9596774193548387, 0.1232876712328767, -0.3048780487804878, -0.7449664429530202, -0.5113636363636364, -0.6413043478260869, 0.07894736842105263, -0.981651376146789, -1.0, -0.9907834101382489, -0.9224806201550387, -1.0, -0.07586206896551724, -0.9849624060150376, 0.014705882352941176, -0.990521327014218, -1.0, -0.8691588785046729, -0.9622641509433962, -0.7272727272727273, -1.0, -0.9760479041916168, 0.35714285714285715, 0.48466257668711654, 0.6053811659192825, -0.825, -0.033112582781456956, -0.9797979797979798, -0.9767441860465116, -0.9777777777777777, 0.5616438356164384, -1.0, -0.7286432160804021, -0.7, -0.975609756097561, -0.023255813953488372, -0.8761061946902655, -1.0, -0.3469387755102041, -0.8518518518518519, -0.9207920792079208, -0.1118421052631579, 0.1506849315068493, -0.7012448132780082, -0.6, -0.9178082191780822, -0.6344086021505376], "value_est1": [-0.003952397170430049, -0.004584564327221961, -0.0017079609669746788, -0.0062169896208681165, -0.007325922449491918, -0.0035287779935635625, -0.0021334542093851268, -0.00317452914576279, -0.006411820268863812, -0.005763029245659709, -0.004389824055973441, -0.003956378311733715, -0.0063236725362017755, -0.0038308748035517054, -0.001382952568242945, -0.002728211539797485, -0.00013675013791944365, 0.00029023397210112305, 0.0008427320592792966, 0.0031846377619018313, -0.0001448076197921182, 0.0028733612391122734, 3.0068634982171716e-05, -0.002435143737988983, -0.0023933335239420556, -0.001604500694444141, -0.0013523122404905735, 0.0011473277061730186, -0.0007858786608025298, -0.00110152843421929, -0.0007557537634354958, -0.0003833921305269996, -0.00019908343452916598, 0.0006596849334893704, 0.008185845553158697, 0.010592995736044622, 0.0033945074725053475, 0.002717053707837624, 0.00025501902870037155, -0.00015946804526292908, -0.0002147165103078578, 0.0023467416383575255, 0.003304915221012652, 0.00031409028638609013, -0.00044848909319989615, 0.0009709660428976349, 0.0008623213270679116, 0.0008606713082497663, 0.0027053505901333667, 0.0021159726602447337, 0.0011040865702692828, 0.007618777827569283, 0.0018192227836116217, 0.00039331722874085245, 0.0015523810850367227, 0.0017445836884056917, 0.001242556840236648, 0.004912483494696789, 0.0012980434569075442, 0.002329822050267467, 0.0013168855511234141, 0.0016656974100624211, 0.0012200388585479232, 0.0018753716619889019, 0.005529211262118769, 0.0007753811560825852, 0.0013983989549567924, 0.003278930487111211, 0.012356223442880582, 0.00409781775031006, 0.00694720885551651, 0.0021717151452758116, 0.0022770954242798324, 0.003087164056819165, 0.0025978160735001437, 0.005828887199150631, 0.0029088720937113974, 0.004285512254957575, 0.0025885791272856297, 0.0021476478989934547, 0.015967894928180612, 0.010156706758227664, 0.002391169362899382, 0.0027873872676398605, 0.0022673048765282145, 0.0028681025527737803, 0.0033315316167048877, 0.0029384667869657276, 0.002718397895502858, 0.005329422094509937, 0.004256588245672174, 0.004503831734322012, 0.0029493605426512658, 0.002919361993705388, 0.004666523793525994, 0.0028930331381037833, 0.010783178433473222, 0.00717616688401904, 0.0030524910209933295, 0.0029119129804777914, 0.016294294622982854, 0.07628821368294303, 0.01119359970006626, 0.031145675293379464, 0.0045610321808606386, 0.015598932056385092, 0.021313724012393506, 0.0031701564126415177, 0.0035157372802495958, 0.0033414505182299764, 0.0041778240541694685, 0.0037346321806078775, 0.006266227464424446, 0.0035910412861267105, 0.005915305614168756, 0.0036114552658284083, 0.003623506230046041, 0.0033935202930122613, 0.0036249054013285788, 0.02743996014110744, 0.007089000747189857, 0.00839134532371536, 0.04309129237509333, 0.029532901698746717, 0.004123842432606034, 0.09885889756870456, 0.010801972404727713, 0.003859102318296209, 0.005253979893843643, 0.0038978014978114516, 0.049170613156771285, 0.014183849711040966, 0.02640224836517591, 0.004590419158525765, 0.060895100866211575, 0.016037682468886486, 0.015580675612622871, 0.004079338339017704, 0.004408872505743056, 0.007124061925243587, 0.004086042559263296, 0.004203294504224323, 0.0040987959226127715, 0.006778507688688114, 0.005884027766739019, 0.0040300131319789215, 0.05302029680116102, 0.010427638909895905, 0.009356853148853407, 0.045833740188088265, 0.06054730906225741, 0.026220281789219008, 0.042758427775721065, 0.034912559567997235, 0.03918921559900045, 0.005343472399702296, 0.004378390735248104, 0.005214700039243326, 0.009952908364869653, 0.00367246638929937, 0.0737393463741988, 0.004955339357699267, 0.07731859930313657, 0.005528515832009725, 0.004045909427199513, 0.013660902528162114, 0.005724969923496246, 0.009406761382916011, 0.004955738260573708, 0.0072469808228313925, 0.06065153225134127, 0.12269119353527203, 0.1717892580504762, 0.011043533321842552, 0.08634258753182367, 0.007188030748069286, 0.005634912382555194, 0.0061584710179129615, 0.05980784247228876, 0.00491040661544539, 0.037861018783040344, 0.04385714316596277, 0.007503843870013952, 0.08295411313243677, 0.021098252320964822, 0.00401375571147073, 0.07610818433708046, 0.015161119415331633, 0.012722367863310501, 0.15575400126804598, 0.049565241439733655, 0.04600645453196485, 0.028470117401890458, 0.007262157714227215, 0.05976969899400137],