{"time": "2021-06-29_14-26-54", "last_steps": 1910000, "last_episode": 16003, "last_score": -0.9555555555555556, "scores1": [-1.0, -1.0, -0.3333333333333333, -1.0, 1.0, -1.0, -1.0, -1.0, -1.0, -1.0, 0.2727272727272727, -1.0, -1.0, -1.0, -1.0, -1.0, -1.0, 1.0, -1.0, -1.0, -0.7808219178082192, -1.0, -1.0, 0.7021276595744681, -0.75, -1.0, -0.8181818181818182, -1.0, -0.9354838709677419, 0.36363636363636365, -1.0, -1.0, -0.8, -0.09523809523809523, -1.0, -1.0, -1.0, -1.0, -1.0, -1.0, -1.0, -0.5, -1.0, -1.0, -1.0, -1.0, -0.9636363636363636, -0.6363636363636364, -0.8878504672897196, -0.8333333333333334, -1.0, -1.0, -1.0, -1.0, -0.8947368421052632, -1.0, -1.0, -1.0, -0.4, -1.0, -0.9024390243902439, -1.0, -0.4666666666666667, -1.0, -0.7714285714285715, -1.0, 0.03225806451612903, -1.0, -0.9745222929936306, -1.0, -1.0, -1.0, -1.0, -1.0, -1.0, -0.4915254237288136, -0.6504854368932039, -0.5619047619047619, -1.0, -1.0, -1.0, -0.6382978723404256, -1.0, -0.9666666666666667, -1.0, -0.7990430622009569, -0.15151515151515152, -1.0, -1.0, -0.9411764705882353, -0.9775280898876404, -0.9682539682539683, -1.0, -0.44680851063829785, -0.6470588235294118, -1.0, -0.09090909090909091, -1.0, -1.0, -0.8148148148148148, -0.8378378378378378, 0.14285714285714285, -0.9649122807017544, -0.908256880733945, -0.9245283018867925, -0.9872611464968153, -0.968, -0.9354838709677419, 0.16049382716049382, -0.5151515151515151, -0.8372093023255814, -1.0, -0.9831932773109243, -0.8936170212765957, -0.49473684210526314, -1.0, -0.6986301369863014, -0.8648648648648649, -0.9104477611940298, -0.9381443298969072, -0.9175257731958762, -1.0, -0.8984771573604061, -1.0, -1.0, -0.19753086419753085, -0.16417910447761194, -0.7021276595744681, -1.0, -0.39473684210526316, -1.0, -0.7142857142857143, -1.0, -0.3684210526315789, 0.4883720930232558, -0.9074074074074074, -1.0, -0.5126582278481012, -0.9316239316239316, -1.0, -0.0379746835443038, -0.92, -0.978494623655914, -1.0, -0.8701298701298701, -1.0, -0.2, -0.9439252336448598, -0.055900621118012424, -0.14, 0.4, -0.8, -0.5172413793103449, -0.15517241379310345, -0.726027397260274, -0.0375, 0.17073170731707318, -0.7404580152671756, 0.2537313432835821, -0.9523809523809523, -0.7073170731707317, -1.0, -1.0, -1.0, 0.5694444444444444, -0.5819672131147541, -1.0, -0.7098039215686275, -1.0, -0.9344262295081968, 0.5, -0.7746478873239436, -1.0, -1.0, -0.9902439024390244, -1.0, -0.4777777777777778, -0.9808612440191388, -0.05263157894736842, -0.1016949152542373, -0.6727272727272727, -0.7777777777777778, -0.625, -0.8064516129032258, -0.5048231511254019, -0.9142857142857143, -1.0, 0.2727272727272727, -0.2033898305084746, -1.0, -0.9555555555555556, -0.016666666666666666], "value_est1": [0.03051823543664068, 0.02432944756038487, 0.028445887102559207, 0.03419633455909789, 0.036374778856150806, 0.030745124886743726, 0.028869748933613302, 0.02371895830729045, 0.022911682496219873, 0.02201127013792284, 0.028043604563362898, 0.029983800542820245, 0.0264662899851799, 0.03012015797905624, 0.024507706155348568, 0.029468528673239052, 0.031158184692449867, 0.03669531343281269, 0.033289465877320616, 0.03123244643881917, 0.0262832403161563, 0.02724978912146762, 0.026636698032729327, 0.03479759279359132, 0.027978423480689525, 0.02598907818887383, 0.02779369997866452, 0.026260923301335424, 0.027341573393158614, 0.030670958133228125, 0.025900203697755933, 0.025821444310434163, 0.02598602117076516, 0.03095917335189879, 0.026925543229840695, 0.021967002063430847, 0.024836422697268427, 0.025264463257603346, 0.023117358645796775, 0.02445260236170143, 0.023909680508635938, 0.027400532306171954, 0.02554988608621061, 0.023505927606485785, 0.02383154586069286, 0.024371806666441263, 0.023441942220926285, 0.025657672648504378, 0.025685370491072536, 0.024776263262704015, 0.02192716933209449, 0.02177325895242393, 0.023165458454936744, 0.021713002779334783, 0.02335674840901047, 0.02122024467587471, 0.020410329230315983, 0.022224882172979413, 0.023679210926406086, 0.01928551870547235, 0.02237494908217341, 0.020745921934023498, 0.024143348860368133, 0.021165538937784733, 0.025995925252512098, 0.020725743295252324, 0.038138893447816374, 0.019591051557660104, 0.020514600185863673, 0.019406810406036677, 0.01995595763977617, 0.018111258690059185, 0.01874267387315631, 0.018673356527835132, 0.018593100131675602, 0.028756553428806366, 0.027725713983364403, 0.03418059795442969, 0.019328913864679633, 0.018769719980470837, 0.016986142307892443, 0.02819478259831667, 0.018392823860608042, 0.01956599500272423, 0.017032543075457214, 0.031306813884247095, 0.028408802532963455, 0.018638652770780025, 0.017713385114446284, 0.018818353798240425, 0.018438262772746385, 0.01714787265844643, 0.017471890645846724, 0.03676467467090115, 0.026161392364557834, 0.017077854926232247, 0.04204542363565415, 0.016718720578029752, 0.016686026404425503, 0.020540437876153738, 0.01856942749284208, 0.04188328598095104, 0.020375434945058078, 0.020580740406457333, 0.019267145672068, 0.01665399828478694, 0.018541059273667632, 0.02125332317389548, 0.05241945466380566, 0.022252734122704714, 0.022253991036023945, 0.015887418918125333, 0.017041785760037603, 0.024435371007025242, 0.035695866374764594, 0.015468929715640843, 0.025240162675082684, 0.019646880110912025, 0.017977615788951518, 0.02025072526494041, 0.018776914143376053, 0.015165500414092094, 0.0253701311705634, 0.015500001654215157, 0.01534299469469115, 0.0721742905951105, 0.03771908559370786, 0.02670183984823525, 0.015065702506527305, 0.05219197046449408, 0.014641242177877576, 0.02009919618265703, 0.014161942753661423, 0.021516498616617172, 0.10167627850044518, 0.018760564632341267, 0.01421621107487008, 0.08402857939433306, 0.017384426311124117, 0.013933713037893177, 0.046407461775746194, 0.01823473387155682, 0.01443795510865748, 0.01326418279390782, 0.018695931071601807, 0.01300249223066494, 0.04221812911545858, 0.01857167644603178, 0.08220554725984111, 0.05183546235151589, 0.09770925292354077, 0.025104101403523236, 0.02475289999935776, 0.05985777294356376, 0.024596633608359845, 0.08237507635653019, 0.03606598791237921, 0.028974021251872182, 0.05627011971911416, 0.01557568002026528, 0.03180622731661424, 0.011782254029344767, 0.012316604977659882, 0.011846421224903316, 0.11998189098211005, 0.06568423970071599, 0.012152742039691657, 0.04787117325654253, 0.011511757381632924, 0.014338304942380637, 0.015831454673409462, 0.02041645164890215, 0.0117876781206578, 0.011333939477987588, 0.012175778142828494, 0.011531776651646942, 0.05907308685816824, 0.012522385866288096, 0.02117221216885373, 0.05949900782890618, 0.022732048165146262, 0.01557264918508008, 0.0439684879058972, 0.014094159913714975, 0.09227986461976544, 0.013607230568677187, 0.01071878319028765, 0.06227460501687601, 0.06088238358935341, 0.010980658272933215, 0.012842441988829523, 0.06822571402834729],