{"time": "2021-06-29_14-23-34", "last_steps": 1920000, "last_episode": 17662, "last_score": 0.08045977011494253, "scores1": [-1.0, -0.9774011299435028, -1.0, -0.6666666666666666, -0.4594594594594595, -1.0, -1.0, -1.0, -0.75, -1.0, -1.0, -1.0, -0.9622641509433962, -1.0, -0.5714285714285714, -1.0, 0.3333333333333333, -1.0, -1.0, -1.0, -0.6774193548387096, -1.0, -0.9310344827586207, -0.9322033898305084, -1.0, -1.0, 0.7142857142857143, -1.0, -0.9444444444444444, -1.0, -1.0, -0.975609756097561, -1.0, -1.0, -0.8333333333333334, -1.0, -1.0, -1.0, -1.0, -0.34782608695652173, -0.7435897435897436, 0.29411764705882354, -1.0, -1.0, -1.0, -1.0, -1.0, -1.0, -1.0, -0.8181818181818182, -1.0, 0.2727272727272727, -1.0, -1.0, -1.0, -0.8814814814814815, -1.0, -0.7241379310344828, -1.0, -0.9622641509433962, -1.0, -1.0, -1.0, -0.6744186046511628, -1.0, -1.0, -0.2222222222222222, -0.26956521739130435, -1.0, -0.3684210526315789, 0.3793103448275862, -0.32786885245901637, -0.5714285714285714, -1.0, -0.8795180722891566, -0.5315315315315315, -1.0, -1.0, -1.0, -0.8125, 0.16666666666666666, -1.0, -0.6521739130434783, -1.0, -1.0, -0.42857142857142855, -0.6721311475409836, 0.37254901960784315, -1.0, -1.0, -0.9813084112149533, -0.1724137931034483, 0.2972972972972973, -0.3275862068965517, -1.0, -0.8484848484848485, -0.9111111111111111, -0.06796116504854369, -1.0, -1.0, -1.0, 0.3950617283950617, -1.0, -0.4246575342465753, -0.35, -1.0, -0.9900497512437811, -1.0, -0.9130434782608695, -1.0, -1.0, -0.7926829268292683, 0.43859649122807015, -0.8181818181818182, -1.0, -0.06666666666666667, -0.975609756097561, -0.3103448275862069, 0.3968253968253968, -1.0, -0.08333333333333333, -1.0, -0.44144144144144143, -1.0, -0.016129032258064516, 0.76, 0.3870967741935484, -1.0, -0.6502732240437158, -0.9333333333333333, -0.8596491228070176, -1.0, -0.75, -1.0, -1.0, -0.8840579710144928, -0.8208955223880597, -1.0, -0.9611650485436893, -0.9230769230769231, 0.5555555555555556, -0.1881720430107527, 0.1111111111111111, -0.9786096256684492, 0.017964071856287425, -0.9626168224299065, -0.4, -0.14705882352941177, -0.8688524590163934, -1.0, -1.0, -1.0, 0.42168674698795183, -0.3793103448275862, -0.1368421052631579, 0.34615384615384615, -1.0, -0.9789473684210527, 0.25, -0.8823529411764706, -1.0, -0.3870967741935484, 0.04182509505703422, -0.8653846153846154, -0.46153846153846156, -0.9090909090909091, 0.029850746268656716, -1.0, -1.0, 0.18471337579617833, -0.34375, 0.2879581151832461, -0.9183673469387755, -0.45077720207253885, -0.1643192488262911, -0.02631578947368421, 0.7640449438202247, -1.0, -0.136, -1.0, -1.0, -0.8048780487804879, -1.0, -0.68, -0.058394160583941604, -0.5443037974683544, 0.45098039215686275, -0.036065573770491806, 0.36283185840707965, -0.9294117647058824, -0.3684210526315789, 0.08045977011494253, -0.7248677248677249], "value_est1": [0.002753204829824426, 0.00017819189508154522, -0.0042126580893542265, 0.00476660596258007, 0.005368748999130912, -0.00034856911880051485, 0.0035716330370865763, 0.005123019119682431, 0.009844995849835687, 0.01333620232231915, 0.009083299323287792, 0.005844580566926925, 0.0052628014470770725, 0.005176338965865944, 0.009468899049898028, 0.007745073564350605, 0.009588611190509983, 0.01010684683586005, 0.00699055816893524, 0.007842937322170474, 0.007192793890740723, 0.007615372513839975, 0.007812403563223779, 0.008157339395815507, 0.007850927708274684, 0.007748552474426106, 0.012183342203102075, 0.00820947600249201, 0.00857107112579979, 0.007773349072085694, 0.008313832856062799, 0.008195477773202583, 0.008353610920114442, 0.009002816334320232, 0.009282580515323206, 0.007485074418922886, 0.008019269363535569, 0.007598592370841652, 0.006586758755287156, 0.01834288585972972, 0.009462688809726387, 0.016028247476834803, 0.007686476087383926, 0.008249916827166453, 0.007609956165635958, 0.00831711885361001, 0.008570946164708585, 0.008435396340722217, 0.0069155532553792, 0.010027938214642927, 0.008119514515437186, 0.014358324101846665, 0.008085562405455857, 0.008138366340240464, 0.0076565799111966044, 0.011353618072951212, 0.007463689989456907, 0.01234781146692112, 0.007364459463628009, 0.008881674499576912, 0.00749801827147603, 0.007679566824063659, 0.008216100532468408, 0.012444698716606944, 0.00796373043130152, 0.0077998627163935455, 0.02358507092432119, 0.030986997286882253, 0.0081191520514898, 0.011858274406474084, 0.02939766991105862, 0.030376374972332268, 0.00982004273668863, 0.007922705441573634, 0.01135620209677145, 0.022504068071534856, 0.008162825225898996, 0.007854438262293116, 0.007949666080530732, 0.009959167528664693, 0.03395409932648763, 0.007375726388394833, 0.01082569385333918, 0.007268396090110764, 0.007600414747791365, 0.020137455913051962, 0.013329091518558562, 0.03226091982983053, 0.008115223199408501, 0.007694743082392961, 0.008084398037521168, 0.015983118230244144, 0.023832039846060797, 0.03312708869371563, 0.007486013919254765, 0.011167342661321163, 0.010486110431794078, 0.04068436953350901, 0.007187656954815611, 0.007211928526079282, 0.007231422446435317, 0.09321509511475451, 0.007097547776577994, 0.038420035567786545, 0.026501622530817986, 0.007214916316466406, 0.00788671976220794, 0.007064497159561142, 0.011027599089918658, 0.007229988293675706, 0.007130937526514754, 0.023304886170150713, 0.04125485099684447, 0.008552355882618577, 0.007227882559271529, 0.0492327617354691, 0.008685781316738576, 0.040453663465892895, 0.04145935050691478, 0.006468861474236473, 0.02542073300667107, 0.006462439310830087, 0.03328958902601153, 0.007033726155711338, 0.05835528815402649, 0.04086043932181783, 0.04471809811363928, 0.006863934463448822, 0.03778572740862146, 0.008400428134808317, 0.013493022052245215, 0.006389803999103606, 0.00803772405628115, 0.006756454426795244, 0.006741241515474394, 0.012850355763314291, 0.012876403792388738, 0.007094995011715219, 0.008753633750183508, 0.009485009874543175, 0.036453188447095455, 0.14490657274047844, 0.030117354529630394, 0.00940243535307236, 0.08016122086890973, 0.009410149812838062, 0.010501340616075322, 0.03517308841021732, 0.010700809022272006, 0.007584054218046367, 0.007036496846191585, 0.006385337523091584, 0.05732346895681694, 0.026461663035675882, 0.04869019585144706, 0.04089345204592682, 0.0069564887613989415, 0.007652146466961131, 0.039393778442777694, 0.013144518728088587, 0.006396066080173478, 0.06016972016165964, 0.15012528680050746, 0.01298012728318572, 0.062295919735450296, 0.011196443374361842, 0.07597848520949482, 0.00538073056275025, 0.005963115060701967, 0.10383033910403028, 0.06363601850671693, 0.1337975671416614, 0.010286786675825716, 0.05943643141873181, 0.1023311177433934, 0.046172335438476875, 0.146970594090363, 0.005918516914965585, 0.0582506556332577, 0.005551265953294933, 0.0057920508393552155, 0.018529009568830954, 0.006022163323499263, 0.045663938735006376, 0.15107893045945092, 0.024383120613265783, 0.04342693273937329, 0.17308510056571103, 0.16955810152944178, 0.012560401483159513, 0.02832490710001439, 0.05476828563632444, 0.035521090407622975],