{"time": "2021-06-29_14-24-17", "last_steps": 1950000, "last_episode": 21641, "last_score": 0.6209677419354839, "scores1": [-1.0, -1.0, -0.4444444444444444, -1.0, -1.0, -1.0, -1.0, -1.0, -1.0, -1.0, -1.0, -1.0, -1.0, -1.0, -0.5714285714285714, -1.0, -1.0, -1.0, -1.0, -1.0, -1.0, -0.96, -1.0, -1.0, -1.0, -1.0, -0.9240506329113924, -0.9111111111111111, -1.0, -1.0, 0.6296296296296297, -0.7777777777777778, -1.0, -0.25217391304347825, -1.0, -0.801980198019802, -0.703125, -0.29411764705882354, -1.0, -0.1896551724137931, -0.4090909090909091, -0.9166666666666666, -0.5824175824175825, -1.0, -1.0, -1.0, -1.0, -1.0, -1.0, -0.5151515151515151, -1.0, -1.0, -0.8709677419354839, -1.0, -1.0, -1.0, -1.0, -1.0, -0.9545454545454546, -1.0, -0.7931034482758621, -0.7209302325581395, -0.8208955223880597, -1.0, -1.0, -1.0, -1.0, -0.8554216867469879, -1.0, -1.0, -0.983739837398374, -0.7058823529411765, -0.9767441860465116, -1.0, -1.0, -0.4153846153846154, -1.0, -1.0, -1.0, -0.9117647058823529, -1.0, -0.8857142857142857, -1.0, -1.0, -0.7777777777777778, -1.0, -1.0, -1.0, 0.2857142857142857, -0.967741935483871, -0.9855072463768116, -0.7254901960784313, -0.46875, -1.0, -0.6923076923076923, -0.9777777777777777, -1.0, -1.0, -0.9881656804733728, -1.0, 0.05263157894736842, -1.0, -0.9398496240601504, -1.0, -1.0, -1.0, -0.9230769230769231, -1.0, -1.0, -1.0, -1.0, 0.20833333333333334, -1.0, -1.0, -0.9827586206896551, -1.0, 0.47770700636942676, -0.9386503067484663, -0.9011406844106464, -1.0, -1.0, -1.0, -1.0, -0.4074074074074074, -1.0, -0.8108108108108109, -0.9827586206896551, -1.0, -0.3114754098360656, -0.6880733944954128, -0.9130434782608695, -0.8823529411764706, -1.0, -0.5445544554455446, -0.4358974358974359, -0.29411764705882354, -0.9252336448598131, -1.0, -0.9945945945945946, -1.0, -0.9037433155080213, -1.0, -0.3333333333333333, -1.0, -0.32510288065843623, -1.0, -1.0, -1.0, -0.9402985074626866, -0.7142857142857143, -1.0, 0.5151515151515151, -0.8297872340425532, -0.8985507246376812, 0.04132231404958678, -1.0, -0.3333333333333333, -1.0, -1.0, -1.0, -0.6949152542372882, 0.4307692307692308, -0.9912663755458515, -0.9066666666666666, -1.0, -1.0, -1.0, -0.7972972972972973, -1.0, -0.9354838709677419, 0.5045871559633027, -1.0, -1.0, -0.23809523809523808, -1.0, -0.9529411764705882, -1.0, -1.0, -1.0, -0.9901477832512315, -1.0, -0.5880149812734082, -1.0, -1.0, -0.5813953488372093, 0.4909090909090909, -0.7058823529411765, -0.3795918367346939, -0.16756756756756758, 0.35064935064935066, -1.0, -0.13966480446927373, -0.34177215189873417, 0.1323529411764706, 0.6209677419354839, -0.9419354838709677], "value_est1": [0.027694572574831544, 0.027825965844467282, 0.031203110449019005, 0.026131942885834723, 0.02601934946645051, 0.025299043289851397, 0.024601448138896375, 0.02568336341176182, 0.023700088676530867, 0.02938839274123311, 0.029718234167061746, 0.027114049686526413, 0.031100218706391753, 0.02991604579593986, 0.0332275021944195, 0.032128585884999485, 0.03397417028713971, 0.026899690166302025, 0.0318388468908146, 0.026118873089551926, 0.027812596392072737, 0.026623471455089746, 0.026763174087926746, 0.029192635505460203, 0.028318986942619084, 0.028810990290157497, 0.027545540909282865, 0.02749623106922954, 0.027343226399086415, 0.028669406808540226, 0.03201906372159719, 0.026506248642131688, 0.026157274702005087, 0.039917848499678076, 0.023581585098430516, 0.02865715731661767, 0.028963101797923444, 0.030049662861973046, 0.025485253192670643, 0.0414903782568872, 0.02863810805156827, 0.02531584914457053, 0.03145931700281799, 0.0249288445552811, 0.0254784211801365, 0.025611910354346037, 0.02520140803065151, 0.024977848654985427, 0.023926577032357454, 0.030234944147616623, 0.02478955426849425, 0.023894775029085578, 0.02354775761254132, 0.02352662277985364, 0.022858232970163227, 0.02404956366363913, 0.023845416069217026, 0.024092088282108307, 0.024005115713365378, 0.022601385582610965, 0.02539541627485305, 0.028105019944906235, 0.025232898348756135, 0.02239773047398776, 0.02328201427254826, 0.02313827724661678, 0.022972868102416395, 0.0257613644618541, 0.02210289789382368, 0.021699639996886254, 0.021388367833569646, 0.023742894585058093, 0.021974966620653867, 0.02142681794911623, 0.022085013300180437, 0.031033101451583205, 0.02119397237692028, 0.02033380822651088, 0.019824555904231964, 0.0217714181272313, 0.019229333904199303, 0.020863631345517934, 0.019269016249105334, 0.01921314119528979, 0.019951857331581415, 0.019493844186142088, 0.018887289453670384, 0.019106581403315066, 0.02508574299402535, 0.01971862773988396, 0.019475178001262246, 0.02207894046008587, 0.02859652216527611, 0.01792449157498777, 0.026222876043710857, 0.019244556129723787, 0.01725304495356977, 0.017561656726524235, 0.018576538459025325, 0.01702154533546418, 0.050022803850471975, 0.01693752738162875, 0.01973993124142289, 0.016566192220523954, 0.016730595810711384, 0.016660412840731442, 0.02130600728150457, 0.01646656133569777, 0.016842125213332473, 0.01659455503690988, 0.016249290982633828, 0.0659786563673988, 0.01633314051143825, 0.01614467220371589, 0.017014354260545223, 0.015832004524115473, 0.10492402892904357, 0.021083233055565507, 0.02532701462144032, 0.01569637459088117, 0.015492804030049592, 0.015207945007830858, 0.0156026785322465, 0.029082464080210774, 0.015092829279601573, 0.021037373752053827, 0.016181556714512407, 0.015118848182167858, 0.06710769091481343, 0.029931433600652962, 0.02302987757511437, 0.017604492976237087, 0.014813705315534026, 0.03450678869495168, 0.023518492522649467, 0.018902108101639895, 0.01725618405127898, 0.014091932092886419, 0.014535264474526048, 0.01411638860926032, 0.0209673521976918, 0.013976619486603887, 0.03453089744579047, 0.013302695109602063, 0.08667739584334194, 0.013507093389797956, 0.013175458378065377, 0.01327858576476574, 0.014989381051529199, 0.034573759204894305, 0.013072940005548298, 0.03433345274245366, 0.017457898220419883, 0.025502548833563923, 0.07298265069900081, 0.012632338129635901, 0.032155637960880994, 0.01398831517379731, 0.011685971489176154, 0.011951495302561671, 0.02047772109825164, 0.09451459948960692, 0.012684256073925645, 0.01859762130687013, 0.0111401520925574, 0.011557355201244355, 0.011718680499214679, 0.026705599955376236, 0.011082693376578391, 0.01647448398275301, 0.09215531314294785, 0.011196796847134828, 0.010799366265442222, 0.05791549832681194, 0.011281504194624722, 0.014371130208205431, 0.011333937259763479, 0.010914119821134955, 0.010775875550322235, 0.01145984371425584, 0.010996740036271513, 0.07248250232571736, 0.010045758165046572, 0.010780803999584167, 0.030853334063105285, 0.05020951753668487, 0.026717089035641402, 0.08633236081060022, 0.08896039441777394, 0.12046407096879556, 0.00917867217361927, 0.09159183390233666, 0.03761579679036513, 0.19087173360502346, 0.20477898628748953, 0.019100851392466575],