{"time": "2021-06-27_23-54-53", "last_steps": 30000, "last_episode": 754, "last_score": -0.8, "scores1": [-1.0, -1.0, -0.8, -1.0], "value_est1": [0.02318409901726991, 0.012885626071784645, 0.04827621362161881, 0.048895389944687485], "scores2": [-1.0, -1.0, -1.0, -1.0], "value_est2": [0.02290264865923673, -0.021156997176259757, -0.019239001321000978, 0.01199560405917], "NETWORK": "QNetwork(\n  (flatten): Flatten(start_dim=1, end_dim=-1)\n  (fc1): Linear(in_features=400, out_features=80, bias=True)\n  (fc2): Linear(in_features=80, out_features=80, bias=True)\n  (fc3): Linear(in_features=80, out_features=4, bias=True)\n)", "BUFFER_SIZE": 10000, "BATCH_SIZE": 32, "GAMMA": 0.9, "TAU": 0.001, "LR": 0.0001, "UPDATE_EVERY": 4, "FREEZE_INTERVAL": 10000, "LAST_STEP_DECREASING_EPS": 10000, "N_STEP_EVAL": 10000}