{"time": "2021-06-29_14-24-04", "last_steps": 1940000, "last_episode": 19440, "last_score": 0.4117647058823529, "scores1": [-1.0, -1.0, -1.0, -1.0, -1.0, -1.0, -1.0, -1.0, -1.0, -0.24, -1.0, -1.0, -0.3333333333333333, -1.0, -1.0, -1.0, -1.0, -1.0, -1.0, -0.5280898876404494, 0.0, -1.0, -0.75, -0.9523809523809523, -0.9753086419753086, -1.0, -0.14285714285714285, -0.9259259259259259, -0.9459459459459459, -1.0, -1.0, -0.8947368421052632, -1.0, -0.984, -1.0, -1.0, -1.0, -1.0, -1.0, -1.0, -0.2, -0.967479674796748, -1.0, -0.6086956521739131, -0.38461538461538464, -0.17647058823529413, -1.0, -1.0, -1.0, -1.0, -1.0, -1.0, -0.9833333333333333, -0.41818181818181815, -1.0, -1.0, -0.726775956284153, -0.9903846153846154, -1.0, -1.0, -0.7333333333333333, 0.15, -1.0, -1.0, -0.9354838709677419, 0.22857142857142856, -1.0, -1.0, 0.6060606060606061, -1.0, -1.0, -0.5, -1.0, -1.0, -0.6071428571428571, -1.0, -0.9636363636363636, -0.43859649122807015, -1.0, -1.0, -1.0, -1.0, -1.0, -1.0, -1.0, -1.0, -0.9834710743801653, -1.0, -1.0, -0.5882352941176471, -1.0, -1.0, -0.2, -0.423728813559322, -0.9130434782608695, -1.0, -1.0, -1.0, -1.0, -0.5, -0.7103448275862069, -1.0, -0.3953488372093023, 0.15492957746478872, -1.0, 0.8133333333333334, -1.0, -0.543859649122807, -1.0, -0.14767932489451477, -0.5955056179775281, -1.0, 0.05970149253731343, -0.926829268292683, -0.2653061224489796, -0.9833333333333333, -0.3333333333333333, -1.0, -1.0, -1.0, -0.8490566037735849, -1.0, -0.9433962264150944, -0.3023255813953488, -0.2459016393442623, -1.0, 0.6619718309859155, 0.4074074074074074, -0.25, -0.9146341463414634, -0.6470588235294118, -1.0, -0.19148936170212766, -0.9238095238095239, -0.7623762376237624, -0.9647577092511013, -1.0, -0.9, -0.1724137931034483, -0.5957446808510638, -0.8, 0.32727272727272727, -1.0, 0.05084745762711865, -0.9069767441860465, -0.9929577464788732, -0.9142857142857143, 0.4482758620689655, -0.9726027397260274, -1.0, -0.9393939393939394, -0.45263157894736844, 0.04950495049504951, -1.0, -1.0, -0.18604651162790697, -0.7711442786069652, 0.09090909090909091, -0.9701492537313433, 0.6164383561643836, -1.0, -0.8085106382978723, -1.0, -0.9004524886877828, -0.5695067264573991, -1.0, -1.0, -0.9333333333333333, -0.6598639455782312, -0.06930693069306931, -0.26506024096385544, 0.15555555555555556, -0.7681159420289855, -0.3793103448275862, -0.45588235294117646, 0.061371841155234655, -0.8636363636363636, -0.3473684210526316, -0.9890710382513661, -0.9710144927536232, 0.26865671641791045, -0.5510204081632653, -0.5217391304347826, -0.7730496453900709, -0.5027027027027027, 0.5882352941176471, 0.4642857142857143, -1.0, -0.13131313131313133, -0.5361216730038023, -0.9563318777292577, -0.9452054794520548, -0.23497267759562843, 0.4117647058823529, 0.35172413793103446], "value_est1": [0.0054616383658722045, 0.004179013195561129, 0.007857331339328083, 0.011645314240001607, 0.01089406944476068, 0.009977010349987905, 0.014415981175052002, 0.014597003825167485, 0.014838714799052105, 0.01669427825286839, 0.01829639761131257, 0.019468689465057105, 0.020793021418480204, 0.018222782820125575, 0.016194327791910473, 0.014498092391702811, 0.012351418085041223, 0.012191221758071333, 0.009009784736001166, 0.01889080080324784, 0.014162323448341339, 0.014221550294663756, 0.015611776808276773, 0.01350264284037985, 0.014141471159271895, 0.014610479143355042, 0.01866093707741238, 0.014346116716600955, 0.014640405857469887, 0.01525719023598358, 0.013476929219719023, 0.016714587397314608, 0.015561058684438467, 0.013820437415409833, 0.01190705834859982, 0.012890064428001642, 0.012769418704975397, 0.012165730893425644, 0.012470775034930557, 0.0132473656674847, 0.013909512875415385, 0.014322934370208531, 0.01260249883569777, 0.015924368642363698, 0.016092331259977073, 0.02365490073207766, 0.011812577654141933, 0.012378607538156212, 0.01175189607469365, 0.010829492279700936, 0.012817521830275656, 0.012355082851275801, 0.012309967692289502, 0.02000301679475233, 0.011543120674416422, 0.012611986404750496, 0.0241760144171305, 0.012150280470680445, 0.011165631855092943, 0.010998476585373283, 0.017958444029279052, 0.023386262785922735, 0.012658985724113881, 0.011008808300551027, 0.013380684728827327, 0.03442829458937049, 0.011661279198341071, 0.011023972160276025, 0.040074766788166016, 0.01318273871038109, 0.010793061479274184, 0.02577263625981286, 0.012140337730385363, 0.010588185919169336, 0.01816708868416026, 0.010663966407440603, 0.014318541383836418, 0.022771430329233407, 0.011355608797352762, 0.011349859402514994, 0.010920609365589917, 0.010743520479369908, 0.01108974235728383, 0.011921279771532864, 0.01149660031311214, 0.010604332449380308, 0.012137040494382382, 0.010034171845391392, 0.011201150433160365, 0.01752922328785062, 0.011417145346011966, 0.01114247867502272, 0.013810235236864537, 0.0218440803270787, 0.01314658156838268, 0.011218508158996702, 0.011500998764391989, 0.010741482322197408, 0.010225501357391477, 0.024402494083996862, 0.025759338971227407, 0.01016621277583763, 0.02047373126940802, 0.042771060976106674, 0.009760492455866188, 0.10947085154950618, 0.009824278854392469, 0.030372447317652405, 0.01087923691207543, 0.08933740693619474, 0.02539201886728406, 0.010105267820693552, 0.06481633833618834, 0.011982500080484897, 0.024518455323018135, 0.010565675790421664, 0.023511115294881164, 0.009320383393764496, 0.009863113868515938, 0.009112726917862891, 0.013121980997826905, 0.009165238769352437, 0.011239724368602037, 0.021566941400803626, 0.029742977983132003, 0.008539030493516475, 0.1536184329347685, 0.02360021973242983, 0.04142153823738918, 0.01403809595964849, 0.019356461771018803, 0.008461032269895077, 0.04348426724756137, 0.013502029189653694, 0.018657386062573642, 0.0124174522717949, 0.008039398383907975, 0.012406286092521623, 0.01952829869389534, 0.04277845950066112, 0.011095331065822393, 0.07614216876323335, 0.007701928832056001, 0.037771200398448855, 0.01036968177165836, 0.008124348725751043, 0.012034079245710745, 0.04758283224534243, 0.011269367661885916, 0.007179913723096252, 0.010805839162133634, 0.06154220923865214, 0.0562340429673437, 0.00845053502516821, 0.007622956025786698, 0.04176814022129401, 0.03256720412317663, 0.015135894098319114, 0.01000500551406294, 0.11935172273912467, 0.007668410155549646, 0.02410484089339152, 0.008262353525217623, 0.02157861547572538, 0.05450329648014158, 0.008279074594005943, 0.006997941933339462, 0.016262735885661097, 0.033505123047949746, 0.05140494287614711, 0.06679979858286679, 0.09150589568731375, 0.031099439238896593, 0.028872399472119288, 0.04514811728480272, 0.15991321301534772, 0.01312340344968252, 0.036501815826585515, 0.008892717838520183, 0.009051581418327986, 0.09265961450915784, 0.040185846992535516, 0.05281475714268163, 0.025479802839551122, 0.05373558045411483, 0.11389034355720505, 0.09271623709737323, 0.007120059609832242, 0.057685390400374306, 0.07110235452563501, 0.011980006570182741, 0.01062890558699146, 0.08354118292392232, 0.11000323457838967, 0.11111963173672557],