{"time": "2021-06-23_09-37-39", "last_steps": 2000000, "last_episode": 43989, "last_score": 0.6058394160583942, "scores": [-1.0, -1.0, -1.0, -1.0, -1.0, -0.9285714285714286, -1.0, -1.0, -0.45454545454545453, -1.0, -0.8571428571428571, -1.0, -1.0, -1.0, -0.7551020408163265, 0.5319148936170213, -0.8333333333333334, -0.8823529411764706, 0.4375, 0.48936170212765956, 0.10638297872340426, -0.9354838709677419, -0.5454545454545454, -0.7371428571428571, -1.0, -0.9705882352941176, 0.46875, -0.10256410256410256, -0.2608695652173913, 0.2962962962962963, 0.45038167938931295, -0.71, 0.3652694610778443, -0.4012345679012346, -0.27848101265822783, -0.4354066985645933, 0.7647058823529411, -0.1111111111111111, 0.45514950166112955, -0.16097560975609757, 0.5256410256410257, 0.3855421686746988, 0.6958174904942965, 0.6292134831460674, -0.1308411214953271, -0.39914163090128757, 0.5107296137339056, 0.6402877697841727, 0.06060606060606061, -0.21951219512195122, 0.569620253164557, 0.6144578313253012, 0.40331491712707185, -0.07058823529411765, 0.6385542168674698, 0.5613382899628253, 0.5364238410596026, 0.3006134969325153, 0.6630434782608695, 0.725, 0.13333333333333333, 0.125, -0.32934131736526945, 0.42745098039215684, 0.36082474226804123, 0.5621301775147929, 0.504424778761062, -0.20588235294117646, 0.018691588785046728, 0.1972318339100346, 0.38181818181818183, -0.43005181347150256, 0.43820224719101125, -0.12062256809338522, 0.13953488372093023, 0.4533333333333333, 0.5789473684210527, 0.6949152542372882, 0.467680608365019, 0.4618181818181818, -0.12121212121212122, 0.6699029126213593, -0.336734693877551, 0.75, 0.36496350364963503, -0.136, -0.4129032258064516, -0.2028985507246377, 0.7348066298342542, -0.1452991452991453, -0.17164179104477612, 0.5954198473282443, 0.685823754789272, 0.7751479289940828, 0.6666666666666666, 0.20496894409937888, 0.4716981132075472, 0.5355805243445693, 0.578544061302682, 0.07692307692307693, -0.17037037037037037, -0.39622641509433965, 0.05128205128205128, 0.6541353383458647, -0.23357664233576642, 0.71875, -0.06422018348623854, -0.5901639344262295, 0.4372623574144487, -0.1949685534591195, 0.5595667870036101, 0.2558139534883721, 0.38697318007662834, -0.1676300578034682, 0.38650306748466257, 0.13333333333333333, 0.3983739837398374, 0.7795275590551181, 0.6914893617021277, 0.29896907216494845, 0.22297297297297297, 0.43005181347150256, 0.43859649122807015, -0.2644628099173554, 0.41317365269461076, 0.45323741007194246, 0.272108843537415, 0.3230769230769231, -0.10622710622710622, 0.3877551020408163, 0.3800738007380074, 0.26199261992619927, 0.44525547445255476, 0.5182481751824818, 0.6230769230769231, 0.6911196911196911, 0.4139194139194139, 0.5205992509363296, 0.24912280701754386, 0.23076923076923078, 0.326984126984127, 0.2937062937062937, 0.7198443579766537, 0.5698924731182796, 0.6870229007633588, 0.6870229007633588, 0.5457875457875457, 0.6962962962962963, 0.24696356275303644, 0.7297297297297297, 0.13227513227513227, 0.07368421052631578, -0.14754098360655737, 0.5238095238095238, 0.3509933774834437, 0.6121673003802282, 0.47761194029850745, 0.4981549815498155, 0.16723549488054607, -0.44802867383512546, 0.6159420289855072, 0.5175097276264592, 0.7683397683397684, 0.6705882352941176, 0.569811320754717, 0.5523465703971119, 0.7364341085271318, 0.5094339622641509, 0.5234657039711191, 0.5378787878787878, 0.3906810035842294, 0.5277777777777778, 0.6988416988416989, 0.784, -0.18545454545454546, 0.5923076923076923, 0.7142857142857143, -0.008902077151335312, 0.4521452145214521, 0.7099236641221374, 0.1813953488372093, -0.30128205128205127, 0.5095785440613027, 0.17766497461928935, 0.5830388692579506, 0.16666666666666666, 0.7371428571428571, 0.6184971098265896, 0.7609561752988048, 0.4172661870503597, 0.4520547945205479, 0.6964980544747081, 0.10047846889952153, 0.4448669201520912, 0.39215686274509803, 0.41697416974169743, 0.5280898876404494, 0.784, 0.5193798449612403, 0.6058394160583942, -0.3687315634218289], "value_est": [0.0560589263767004, 0.030539393403381108, 0.07535231191590429, 0.07064439325444401, 0.06482699507772922, 0.07833070268072188, 0.06665569521784782, 0.061782264725863935, 0.08876444075033069, 0.07712249995917082, 0.07952890062183142, 0.07872970826178789, 0.096032725860551, 0.0629645763773471, 0.08285559490211308, 0.10887294596210122, 0.07838423040136695, 0.07173239488042892, 0.09028588661774993, 0.10142221120744943, 0.08537778296023607, 0.06310983812510967, 0.07141506261080503, 0.08589820339530706, 0.05914451160021126, 0.05793120684139431, 0.10029169789105653, 0.12870142917223273, 0.13513967387117445, 0.13409620345830917, 0.26188249390125273, 0.09295028774552047, 0.20029079725258053, 0.16819143389463426, 0.1295577789761126, 0.1319121176648885, 0.2792346903175116, 0.23186418597102165, 0.27816799539104103, 0.14732837330549955, 0.18748927636519075, 0.19486265035122632, 0.28272900430485604, 0.2040973300758749, 0.16796351016424596, 0.12778324144817887, 0.23793354925885796, 0.18010538556352257, 0.19378380771689116, 0.1428133117672056, 0.1815492930199951, 0.2005873688183725, 0.19642734037712217, 0.14167105405852198, 0.19859213883578777, 0.2639586420428008, 0.1937625755980611, 0.17614684203527867, 0.20870042044594883, 0.13198941344097256, 0.12635897734835744, 0.10551233196780085, 0.11010425024591386, 0.24682544183060526, 0.12911078347302973, 0.18956337730363013, 0.14341503579318524, 0.11048259384185076, 0.17093969345875085, 0.23862177685536445, 0.2566029921069741, 0.11856694465205074, 0.25866087347716094, 0.1736745664127171, 0.15353299933597445, 0.17317571371831, 0.1699432279020548, 0.15228206264674662, 0.25393382297605277, 0.26067226731851695, 0.14416202115938068, 0.14530696591734887, 0.11136099081635475, 0.2711879615645856, 0.25363066983483734, 0.1616329264137894, 0.14579130988121033, 0.16426605771780015, 0.20723799789212644, 0.15279023617617785, 0.15786032460518182, 0.26107423439547417, 0.2673616979390383, 0.19606452727355064, 0.19594944040142, 0.15903226237781345, 0.13334846030250191, 0.25707431477718057, 0.2565509071622044, 0.060276089773327116, 0.1579432080168277, 0.14033500457890333, 0.16724015141241252, 0.2707622505068779, 0.16313476920127867, 0.26828540359847247, 0.16864990513697267, 0.09999895742423832, 0.249314713101089, 0.171776325641945, 0.2612165696538985, 0.12646440909579396, 0.24796609632149338, 0.12092710308209062, 0.16406465850286187, 0.06813102420940995, 0.13548015354685486, 0.2688840858150274, 0.208535870295763, 0.2450931376978755, 0.24690536349266767, 0.2026874488003552, 0.2575279560931027, 0.13385991388820112, 0.1741443482764065, 0.25781595986001193, 0.24358945502452553, 0.14480078920274972, 0.17631905562356115, 0.12403225252069533, 0.25275694719590247, 0.24226658721752464, 0.2575221158862114, 0.263049228368327, 0.2616828817538917, 0.26980401992239056, 0.2571046936314553, 0.26140216303505004, 0.25506188217699527, 0.2396872909143567, 0.2619277806609869, 0.24834205797873438, 0.2663866764772683, 0.26393242066539824, 0.2688569352928549, 0.2675459155909717, 0.26255859503038226, 0.2646461224745959, 0.1977026796862483, 0.2712122404642403, 0.149074981366843, 0.14608527675382793, 0.16970831673629583, 0.26446533400155603, 0.15547493936382234, 0.2657632948987186, 0.2617054978899658, 0.26530872900784014, 0.24115270790681242, 0.12493915797173977, 0.2698160318866372, 0.2588837507195771, 0.27192815979532897, 0.2676543117187917, 0.26085738786794244, 0.2661928063545376, 0.268811019718647, 0.2615405358709395, 0.2631731451969594, 0.26094083426333964, 0.25895880588553843, 0.26494363592863085, 0.26943993611894546, 0.26887278126701714, 0.1588388740196824, 0.26203195945732294, 0.2655433896884322, 0.2385476259931922, 0.26167397687658667, 0.26870622469000516, 0.16677768569923937, 0.14476647927574812, 0.2555747941054404, 0.16064418080039322, 0.2661636978331953, 0.2357629930883646, 0.19564192743301392, 0.18913169604577124, 0.26402142489142716, 0.2557098576236516, 0.25992914950884877, 0.2579472312841564, 0.1749819076102227, 0.2515490073185414, 0.2068354201413691, 