{"time": "2021-06-23_02-08-16", "last_steps": 50000, "last_episode": 845, "last_score": -0.75, "scores": [-1.0, -1.0, -1.0, -1.0, -0.75, 0.2], "value_est": [0.02318409901726991, 0.011132270827889442, 0.047386140543519285, 0.049902444643247876, 0.03935537725538015, 0.03818777969348012], "NETWORK": "QNetwork(\n  (flatten): Flatten(start_dim=1, end_dim=-1)\n  (fc1): Linear(in_features=400, out_features=80, bias=True)\n  (fc2): Linear(in_features=80, out_features=80, bias=True)\n  (fc3): Linear(in_features=80, out_features=4, bias=True)\n)", "BUFFER_SIZE": 10000, "BATCH_SIZE": 32, "GAMMA": 0.9, "TAU": 0.001, "LR": 0.0001, "UPDATE_EVERY": 4, "FREEZE_INTERVAL": 10000, "LAST_STEP_DECREASING_EPS": 10000, "N_STEP_EVAL": 10000}