{"time": "2021-06-29_14-25-01", "last_steps": 1930000, "last_episode": 17889, "last_score": -0.7219251336898396, "scores1": [-1.0, -1.0, -0.625, -0.6666666666666666, 0.6, -1.0, -1.0, -1.0, -0.9259259259259259, -1.0, -1.0, -1.0, -0.3333333333333333, -1.0, -1.0, -1.0, -0.8709677419354839, -1.0, -0.7419354838709677, -1.0, -1.0, -1.0, -1.0, 0.5, -0.9523809523809523, -1.0, -0.9753086419753086, -1.0, -1.0, -1.0, -0.9069767441860465, 0, -1.0, -0.2571428571428571, -0.7894736842105263, -1.0, -1.0, -1.0, 0.14285714285714285, -0.22448979591836735, -0.9459459459459459, -1.0, -1.0, -1.0, -0.8, -1.0, -1.0, -0.7083333333333334, -1.0, -1.0, -1.0, -1.0, 0.10344827586206896, -1.0, -0.07692307692307693, 0.0, -0.5428571428571428, -1.0, -1.0, 0.13333333333333333, -1.0, -1.0, -1.0, -1.0, -1.0, -1.0, -1.0, -1.0, -1.0, -1.0, -1.0, -1.0, -1.0, -1.0, -1.0, -1.0, -1.0, -0.625, -0.5789473684210527, -0.9847328244274809, -1.0, -0.3, -0.9568345323741008, -1.0, -1.0, -1.0, 0.3333333333333333, -0.6144578313253012, -1.0, -0.6470588235294118, -1.0, 0.06976744186046512, -0.9047619047619048, -0.2, -0.7096774193548387, -0.22448979591836735, -0.36363636363636365, -0.2972972972972973, -1.0, -0.9753086419753086, -1.0, 0.36, -0.9384615384615385, -1.0, 0.11904761904761904, 0.2676056338028169, -0.9841269841269841, 0.6, -1.0, -1.0, -0.8940397350993378, -0.5769230769230769, 0.6, -0.9120879120879121, -1.0, -1.0, -0.9661016949152542, -1.0, 0.09090909090909091, -1.0, -0.4, -0.33884297520661155, 0.4025974025974026, 0.56, -0.9874213836477987, -0.926829268292683, -0.14, -1.0, 0.6930232558139535, -0.29411764705882354, 0.07142857142857142, -0.9607843137254902, -0.9714285714285714, 0.15789473684210525, -0.3972602739726027, 0.12195121951219512, -0.14285714285714285, -1.0, -1.0, -0.9506172839506173, -1.0, -0.9411764705882353, -1.0, -0.5, -1.0, -0.864406779661017, -0.3170731707317073, -0.9385964912280702, -1.0, -1.0, -0.9775280898876404, -1.0, -1.0, -0.94, -0.1069182389937107, -1.0, -1.0, -0.3387096774193548, -0.17757009345794392, -1.0, -1.0, -0.9715909090909091, -0.9523809523809523, -1.0, -0.17829457364341086, -0.896551724137931, -0.6296296296296297, -0.9908675799086758, -1.0, -0.6923076923076923, -0.23076923076923078, -0.35294117647058826, -0.17073170731707318, -1.0, -1.0, -0.8545454545454545, -0.941747572815534, -0.839572192513369, -1.0, -1.0, -0.7411764705882353, -0.9911504424778761, -0.5154639175257731, -0.19533527696793002, -0.6190476190476191, -1.0, -0.391304347826087, 0.25, -1.0, -0.9879518072289156, -0.9347826086956522, -0.9566563467492261, -0.7219251336898396, -0.6944444444444444], "value_est1": [0.020166208190470936, 0.017232212239829823, 0.021927406316809357, 0.025307152482215316, 0.022796218887437134, 0.02382832275610417, 0.026393150147981943, 0.027209678933024405, 0.027495966922491788, 0.027491792862117292, 0.028281496681831778, 0.03073712089881301, 0.030373871272243558, 0.023179264460410923, 0.027557203639764338, 0.025193578840699046, 0.019391348213516176, 0.02073644254794344, 0.02386534808948636, 0.024491362689435484, 0.02132904857462272, 0.02249602045789361, 0.022902918105199933, 0.02414541646745056, 0.023724716462008653, 0.02300788147803396, 0.02313458506539464, 0.023256174048408865, 0.02198554674834013, 0.022723579014278947, 0.023302959902212025, 0.022907692416384816, 0.021368391975201666, 0.02465508876275271, 0.02216256688795984, 0.02055376640316099, 0.019485281411744656, 0.020596096712164582, 0.022743110377714038, 0.026460006568580864, 0.02138765810523182, 0.020839396358467637, 0.020936731621623038, 0.020165878091193735, 0.02142767583001405, 0.02017976696677506, 0.019646212892234324, 0.022671623790822923, 0.01891255859285593, 0.018997434002906086, 0.01883131926674396, 0.01915661805626005, 0.025530661494471134, 0.01782170602194965, 0.03647609572838992, 0.020779789145477116, 0.023289522825740278, 0.01860218122340739, 0.01847131689786911, 0.027185159977525474, 0.018729457043670118, 0.018494199275411665, 0.016982979888096453, 0.01718827363066375, 0.01784078465346247, 0.017762048331834375, 0.018444134875386955, 0.01756733343973756, 0.017251963899005206, 0.017620623324252665, 0.016140382630284875, 0.017374534883350133, 0.017197177921701223, 0.017776620290242136, 0.017193506718613208, 0.015333878560736775, 0.01655931078279391, 0.018351731825154274, 0.027009650201629848, 0.016687819216400383, 0.01624711264744401, 0.02205755500178784, 0.017717192070465536, 0.015793949177209287, 0.01523819563165307, 0.015443353853747248, 0.03391440534535795, 0.02634985078535974, 0.01496041169865057, 0.018419847089983524, 0.015424580159038305, 0.03192198174670339, 0.019704144783318042, 0.02945882571488619, 0.021674594023171814, 0.028447423889115454, 0.024846414280124008, 0.023447655307408423, 0.014115608146227896, 0.015169998348783702, 0.013920940374676139, 0.02676525368448347, 0.01628311047712341, 0.013930862604174763, 0.05079151907730848, 0.04931237549856305, 0.015121086845640093, 0.03910370786963031, 0.013770265448186547, 0.013892404872365295, 0.02041218831371516, 0.03130736563336104, 0.05734327649353072, 0.01720443212753162, 0.013367001378536225, 0.013358048904128372, 0.014538452463038266, 0.013576286522764713, 0.02689392386805266, 0.013143696773145348, 0.02176011713584885, 0.04524152264650911, 0.057648449111450464, 0.04244705283669755, 0.014596856237482279, 0.01556275116764009, 0.04907202308699489, 0.01279723220411688, 0.15982764706611632, 0.02866405271049589, 0.07890371884070337, 0.014390618377458303, 0.013622233597747982, 0.03162272745734081, 0.030353278501238673, 0.07791507738204673, 0.05657491337256506, 0.012621647185180336, 0.013250548909418285, 0.01657747527277097, 0.012150530946534127, 0.013223947444651276, 0.012185144591983407, 0.012941206137929111, 0.012087142544984818, 0.023666456496529282, 0.049523764806706456, 0.01735700032040477, 0.01160469620693475, 0.01161126451594755, 0.01377050619404763, 0.011342111968342216, 0.011533251149300486, 0.018101727320626378, 0.0785361966777593, 0.011505592027213424, 0.010746135635022074, 0.050559574692044404, 0.053197807164862755, 0.010915205032285304, 0.010553563655074686, 0.01557758250394836, 0.01502584497909993, 0.010493873831164091, 0.06249139451645315, 0.01318073217049241, 0.03344393430454656, 0.01149872317891568, 0.009918407378997653, 0.026170882863458245, 0.01985972415963188, 0.07988453534897416, 0.07971386646796018, 0.010209350747056305, 0.01003136497689411, 0.013815962047223001, 0.012841187119297683, 0.027166874402575196, 0.009920167516451328, 0.010206182825844736, 0.04169523920994252, 0.010566539961565286, 0.05753576720925048, 0.16551944763716311, 0.013987278648559004, 0.009363662163820117, 0.05259352478925139, 0.061304049204010516, 0.01022122618407011, 0.013622728076670318, 0.015245679285377263, 0.017590988063532858, 0.03810487660998479, 0.0430760204244405],