{"time": "2021-06-23_11-19-34", "last_steps": 2000000, "last_episode": 43119, "last_score": 0.12852664576802508, "scores": [-1.0, -1.0, -1.0, -1.0, -1.0, -1.0, -1.0, -1.0, -1.0, -1.0, -1.0, -1.0, -1.0, -1.0, -1.0, -1.0, -0.25, -0.8888888888888888, -0.9775280898876404, -1.0, -0.8666666666666667, -0.34615384615384615, -1.0, -1.0, -1.0, -1.0, -0.5555555555555556, -0.6470588235294118, -0.9826086956521739, -1.0, -0.75, -0.21649484536082475, -0.9518072289156626, -1.0, -0.047619047619047616, 0.38461538461538464, -1.0, -1.0, -0.04, -1.0, -0.76, -1.0, -0.8333333333333334, -0.75, -0.7230769230769231, -0.9080459770114943, 0.2903225806451613, -1.0, -0.6571428571428571, -0.6883116883116883, -0.6923076923076923, 0.06451612903225806, -0.07692307692307693, -0.417910447761194, 0.13253012048192772, -0.8565022421524664, -0.952, -0.9727272727272728, -0.2222222222222222, 0.11764705882352941, -0.7670682730923695, -1.0, -1.0, -0.7983193277310925, -0.627906976744186, 0.08421052631578947, -0.5609756097560976, -0.7803921568627451, -0.4339622641509434, -0.9148936170212766, -0.975, -0.3147410358565737, -0.16176470588235295, -1.0, -0.6363636363636364, -0.9672131147540983, 0.1324200913242009, -1.0, -0.24615384615384617, 0.6516129032258065, -0.9949622166246851, -1.0, -0.8484848484848485, 0.296875, -0.9896907216494846, -0.1386861313868613, -0.6666666666666666, -0.968503937007874, 0.24, 0.06329113924050633, -0.7142857142857143, -0.8275862068965517, 0.6233766233766234, -0.9838709677419355, 0.30313588850174217, -0.31496062992125984, 0.4329501915708812, -0.10588235294117647, 0.1141552511415525, -0.688, 0.10666666666666667, 0.04180064308681672, 0.39100346020761245, 0.3745704467353952, 0.5234375, 0.36059479553903345, 0.44569288389513106, 0.4606741573033708, 0.20689655172413793, 0.6923076923076923, 0.4791666666666667, 0.4594594594594595, 0.7461538461538462, 0.6153846153846154, 0.3553113553113553, 0.5107913669064749, 0.5923076923076923, 0.5622641509433962, 0.648854961832061, 0.6015037593984962, 0.5681818181818182, 0.3014705882352941, 0.38345864661654133, 0.356401384083045, 0.18543046357615894, 0.4, 0.7451737451737451, 0.4393939393939394, 0.16326530612244897, 0.6235294117647059, 0.24087591240875914, 0.4806201550387597, 0.15901060070671377, 0.3893129770992366, 0.6456692913385826, 0.689119170984456, 0.36531365313653136, 0.35570469798657717, 0.6240601503759399, 0.5138888888888888, 0.4681647940074906, 0.4275092936802974, -0.005714285714285714, 0.7682926829268293, 0.582089552238806, -0.1404494382022472, 0.6168582375478927, 0.40893470790378006, 0.6090225563909775, 0.44776119402985076, 0.751937984496124, 0.6589147286821705, 0.7865612648221344, 0.4791666666666667, 0.23674911660777384, 0.2116788321167883, 0.7642585551330798, 0.5451263537906137, 0.6838235294117647, 0.5263157894736842, 0.4372623574144487, 0.46184738955823296, 0.2714285714285714, 0.6076923076923076, 0.14385964912280702, 0.5827338129496403, 0.19014084507042253, -0.39375, 0.7054263565891473, 0.32857142857142857, 0.6156583629893239, 0.6929133858267716, 0.569811320754717, 0.45112781954887216, 0.4007220216606498, 0.6984126984126984, 0.5968992248062015, 0.1624548736462094, 0.6614173228346457, 0.5441176470588235, 0.688, 0.631578947368421, 0.5708812260536399, 0.23026315789473684, 0.12337662337662338, 0.7076923076923077, 0.30855018587360594, 0.1897810218978102, 0.31851851851851853, 0.632183908045977, 0.19344262295081968, -0.11370262390670553, 0.05740181268882175, 0.77431906614786, 0.6384615384615384, 0.7707509881422925, 0.7131782945736435, 0.6428571428571429, 0.5157894736842106, 0.12852664576802508, 0.3118279569892473], "value_est": [0.06094210278391838, 0.05694585946854204, 0.06704138352610171, 0.07141364413909614, 0.0679206586079672, 0.06224672666825354, 0.06209486133866012, 0.0682736278552562, 0.0586903048619628, 0.06035301069505513, 0.05994312724620104, 0.059168480241671206, 0.05654937584251166, 0.054880952637270095, 0.05261964405477047, 0.0504168556984514, 0.05356644012928009, 0.04718754695057869, 0.04829184945300222, 0.04466626958437264, 0.04481835922673345, 0.05157343407534063, 0.04410870228819549, 0.04349092353880406, 0.0430010757420212, 0.04362387470081448, 0.04847446853630245, 0.048903193756192925, 0.04097699487246573, 0.04057050750628114, 0.039344163040071725, 0.06360939006917178, 0.036714275580644606, 0.03874116988368333, 0.04798273557517677, 0.0426870355496183, 0.03382022914364934, 0.03429080533701927, 0.04152697259187698, 0.03542749597355723, 0.03612797226794064, 0.03346722095888108, 0.03954770101569593, 0.0364569958884269, 0.05829254639726132, 0.036043335345759986, 0.04719255456794053, 0.03010439054761082, 0.04344504318833351, 0.0397254539327696, 0.03195531334932893, 0.06021376034468413, 0.053058237057738, 0.10393965239543468, 0.11811639443300664, 0.039567449062690135, 0.026998455448634922, 0.026515186925791204, 0.029931685835495592, 0.07497508552726358, 0.05825680079869926, 0.021782446560263635, 0.020466650635376574, 0.03329682693257928, 0.04805234892219305, 0.12393470892142504, 0.029913021796382964, 0.048971333272196355, 0.049145355838537214, 0.027540175099112094, 0.02210521973092109, 0.10766951687335968, 0.08711835598014295, 0.01869273969642818, 0.03452893844377249, 0.02033894309187308, 0.1501595015113242, 0.01767886539436877, 0.07023231097534299, 0.1520356499631889, 0.01791489844787866, 0.018403174294531345, 0.03457846541255712, 0.22313362828223035, 0.01834454028988257, 0.1566909014509991, 0.060369830770604316, 0.023224165888875725, 0.129900898485817, 0.06589828011002391, 0.06608594739586116, 0.030536556884553284, 0.15723663225211204, 0.020134239128232003, 0.2428324152385816, 0.1210135396424681, 0.25027375342985614, 0.10048711927365511, 0.16024538792641835, 0.0641819899816066, 0.2275782052071765, 0.2264891180537641, 0.24626334565328434, 0.24822194404127076, 0.25041357671804726, 0.2423459347449243, 0.24607488566534594, 0.25162464866172524, 0.23866988068446518, 0.25904755905391647, 0.2558013315420598, 0.24647295562122018, 0.261844478142634, 0.25503448004890233, 0.24089234355259687, 0.25442667326983065, 0.25311171279829, 0.25536494256183506, 0.26255309287533163, 0.25257775602135807, 0.25666907805409284, 0.23622863065339625, 0.24087474028356373, 0.24041371222622693, 0.23801874151602387, 0.24239658400528133, 0.26143825354501604, 0.25011958972588183, 0.23746739873420447, 0.2565139677654952, 0.23567072143740952, 0.2527600926417857, 0.23147236018609255, 0.24551726340223104, 0.2550919604610652, 0.19832595587205143, 0.24213134808801115, 0.2512197611439973, 0.2567147718058899, 0.25758752833697945, 0.25054478343818337, 0.24931587540823966, 0.22814249687623234, 0.17776726322956382, 0.25656702507454904, 0.20937127895839514, 0.25696143083106726, 0.25771758184209465, 0.25813880532234906, 0.24164101898502557, 0.2580187217881903, 0.25836790619418026, 0.26158258265443146, 0.2549793424807489, 0.23513723990973084, 0.22870633824188263, 0.26122168463654816, 0.25712029208168385, 0.2591558076649904, 0.25200748550836, 0.24741173405628653, 0.23033512502815576, 0.2385317906256765, 0.2562025309007615, 0.2267612509990111, 0.2580089300110936, 0.2325241692647338, 0.1496745895994827, 0.2581320199549198, 0.24691753622218968, 0.25840881682094186, 0.25733650415353476, 0.2560507633887231, 0.24522054460141807, 0.2478360820153728, 0.2601820401052013, 0.25628862827904525, 0.23012921554856003, 0.2585604279426858, 0.2542028954511508, 0.25920229493100194, 0.25707618706580254, 0.25290149798411876, 0.24041900513097644, 0.23120070753153413, 0.2586411768976599, 0.24432569457087666, 0.23326782562378795, 0.23990147816687823, 0.2607133129630238, 0.23879010504391043, 0.21520623254273086, 0.23482325065601617, 0.2595339836956933, 0.2571778897168115, 0.26069752322398126, 0.25859612064864484, 0.25587491269372403, 0.2549828949715942, 0.23506315632704644, 0.23850516748484224],