{"time": "2021-06-23_11-19-13", "last_steps": 2000000, "last_episode": 40259, "last_score": 0.34065934065934067, "scores": [-1.0, -1.0, -1.0, -1.0, -0.42857142857142855, 0.5, 0.0, -1.0, -0.875, -1.0, -1.0, -0.9764705882352941, 0.2054794520547945, -0.8, -0.9436619718309859, -0.5714285714285714, -1.0, -1.0, -1.0, 0.3333333333333333, 0.22727272727272727, -0.8, -1.0, -0.4, -1.0, -1.0, -0.15151515151515152, -1.0, 0.48148148148148145, -1.0, -1.0, -1.0, 0.4339622641509434, 0.045454545454545456, -0.9611650485436893, -0.9811320754716981, -0.9733333333333334, 0.8148148148148148, -1.0, -0.02, -0.711340206185567, 0.12, -0.9886363636363636, -0.22033898305084745, -0.26229508196721313, -0.9682539682539683, -0.1836734693877551, -1.0, -1.0, -1.0, -0.7914691943127962, -0.20512820512820512, -0.966996699669967, -0.9354838709677419, -1.0, 0.5, -0.925, -0.1559633027522936, -1.0, -0.9918032786885246, 0.4666666666666667, -0.0967741935483871, -1.0, -0.14482758620689656, 0.3333333333333333, -1.0, -0.8285714285714286, -1.0, -0.9928825622775801, -0.9703703703703703, -0.9943019943019943, -0.9875776397515528, -0.6688741721854304, -0.7706422018348624, -0.6842105263157895, 0.4015748031496063, 0.373134328358209, 0.19014084507042253, -0.5037593984962406, -0.6097560975609756, -1.0, 0.36416184971098264, -0.11267605633802817, -0.9135446685878963, -0.9653179190751445, -0.8373205741626795, -0.6097560975609756, -0.7478991596638656, -0.12903225806451613, -0.34841628959276016, -0.6625514403292181, 0.5522388059701493, 0.14685314685314685, -0.6016597510373444, 0.65625, 0.7683397683397684, -0.009345794392523364, 0.5893536121673004, 0.023529411764705882, 0.5142857142857142, 0.5563636363636364, -0.13008130081300814, 0.42857142857142855, 0.6525096525096525, 0.48091603053435117, 0.5175097276264592, 0.18272425249169436, 0.4338235294117647, 0.328719723183391, 0.7186311787072244, 0.6045627376425855, 0.20218579234972678, 0.5307692307692308, 0.5891472868217055, -0.32142857142857145, 0.3238434163701068, 0.34065934065934067, 0.22727272727272727, 0.6434108527131783, 0.48854961832061067, 0.7698412698412699, 0.5984251968503937, 0.7777777777777778, 0.744, 0.7777777777777778, 0.6061776061776062, 0.7164750957854407, 0.3473684210526316, 0.2097902097902098, 0.24381625441696114, 0.5, 0.4296028880866426, -0.1744186046511628, 0.5212765957446809, 0.6771653543307087, 0.6197718631178707, 0.6106870229007634, 0.516728624535316, 0.28169014084507044, 0.5681818181818182, 0.1971326164874552, 0.37593984962406013, 0.3333333333333333, 0.01567398119122257, 0.7198443579766537, 0.39552238805970147, 0.2695035460992908, 0.5542857142857143, 0.5478927203065134, -0.02127659574468085, -0.21808510638297873, 0.5333333333333333, 0.5636363636363636, 0.43448275862068964, -0.5290102389078498, 0.4681647940074906, 0.3819444444444444, 0.3656716417910448, 0.21904761904761905, 0.5513307984790875, 0.40074906367041196, 0.27007299270072993, -0.1282051282051282, 0.45454545454545453, 0.688212927756654, 0.4910394265232975, 0.4139194139194139, -0.12044817927170869, 0.35580524344569286, 0.5984555984555985, 0.696969696969697, -0.04643962848297214, 0.5107913669064749, 0.7110266159695817, 0.22727272727272727, 0.7088122605363985, 0.5661764705882353, 0.7176470588235294, 0.5348837209302325, 0.5153846153846153, 0.1095890410958904, 0.12857142857142856, 0.6104868913857678, 0.3018181818181818, 0.39849624060150374, 0.5801526717557252, 0.11538461538461539, 0.5169811320754717, 0.596958174904943, 0.22142857142857142, 0.6888888888888889, 0.19218241042345277, 0.27388535031847133, 0.41353383458646614, 0.12460063897763578, 0.23674911660777384, 0.5984848484848485, 0.30714285714285716, 0.7865612648221344, 0.34065934065934067, 0.631578947368421], "value_est": [0.04391524517275393, 0.022443330351955955, 0.04726464006123133, 0.054107829308323564, 0.053551305008213965, 0.04486756013855338, 0.043819625633955, 0.046523568045720456, 0.04671655467227101, 0.04438248608708382, 0.041879774414375424, 0.04086599853262305, 0.05738120295926929, 0.04277837824597955, 0.04068497643917799, 0.04313288381695747, 0.03919183730855584, 0.03792548050768674, 0.036690215103700755, 0.048545831505581734, 0.05193787454478443, 0.038680363807082174, 0.03404990678485483, 0.04502438689079136, 0.035097106391750274, 0.03324156943298876, 0.051079928011260926, 0.03439199763443321, 0.04707818079534918, 0.030571980393864214, 0.031088380930759014, 0.032212339357472954, 0.061353735077567396, 0.051757256143912675, 0.0331538007652387, 0.03223523052632809, 0.03097746905926615, 0.06746313352659344, 0.028834174421802163, 0.07149887130185961, 0.040951450307108464, 0.06552480707522482, 0.028099486945942043, 0.04813963219411671, 0.0661034116819501, 0.02891634169053286, 0.04617122736498713, 0.027357796780206264, 0.027623519950173796, 0.025872496786527335, 0.046843127485737206, 0.05517071109227836, 0.02861988968010992, 0.027155377106554805, 0.026057763763517143, 0.05198773332946002, 0.028603681659139693, 0.0694837080033496, 0.027210943359136583, 0.025289654795266688, 0.21958530965819956, 0.03580222906172276, 0.0225840600091964, 0.08729511618744581, 0.056506092114560307, 0.020592766387574374, 0.02803960075378418, 0.021023724715784193, 0.02112822798676789, 0.023081776801869274, 0.021531757404096425, 0.02174440068732947, 0.04467116856258362, 0.047420710324309764, 0.05571417383048683, 0.12638874068930744, 0.12045563470833004, 0.20929462033510207, 0.05620264970846474, 0.05464104401879013, 0.020581941422447562, 0.15072808639705182, 0.08809066781662404, 0.037182890051044526, 0.02259867328628898, 0.038743741626851264, 0.05727148984670639, 0.053386704798787835, 0.10815933921821415, 0.09917209981512279, 0.06984113026764244, 0.25065931392982604, 0.1143753573756665, 0.0701585545476526, 0.254589843368344, 0.2563640924582258, 0.13122729869550093, 0.2538993050677702, 0.22893074516281486, 0.25667234601937233, 0.25164728048965335, 0.14839111938830465, 0.2459056194787845, 0.2582838035766035, 0.24930500452574342, 0.25129080348983407, 0.23931405140394346, 0.24589664379395546, 0.24815887469016015, 0.2630441676389426, 0.2617456162890419, 0.16913851986471565, 0.2547609562609345, 0.2558585557762533, 0.12236982352938502, 0.2426420091746375, 0.2420323666393757, 0.23936542368549854, 0.2592201305747032, 0.24611319111026825, 0.26097171629853544, 0.2529458270622417, 0.26263283553067596, 0.26273394981361925, 0.2512661333434284, 0.2585667886313051, 0.2621482392728329, 0.2495314446851611, 0.24065213129837065, 0.23462533900737761, 0.2503321281272918, 0.25500082489959897, 0.20619620633423327, 0.18441133005488664, 0.25581442576050756, 0.2601045770533383, 0.2595172046482563, 0.25593386764377357, 0.245971075922437, 0.25727623364012686, 0.23391530189327894, 0.2452654488855973, 0.24817756984476, 0.2265011812582612, 0.2604853382207453, 0.24704539445005358, 0.23866164490319788, 0.17441973283644766, 0.25875910200066865, 0.1569178463632241, 0.20919940009135754, 0.25750546421036125, 0.259453614262864, 0.25591790241319684, 0.11282535244580358, 0.25248147239554675, 0.2551144126459956, 0.2421477097105235, 0.24952732255868615, 0.255479842755571, 0.24236685934364796, 0.23650290205404162, 0.2180084941642359, 0.2553830757256597, 0.2599090118680149, 0.25470190497264267, 0.24697455802690238, 0.21686449786387385, 0.2384846913535148, 0.25967613349761814, 0.2597114903379232, 0.22211939869429917, 0.25729833098426463, 0.2617894024197012, 0.24619701905660332, 0.2616614698521793, 0.257980860523507, 0.25886895207315685, 0.2519930183077231, 0.2509222081467509, 0.2314634640192613, 0.2273503252401948, 0.25848163630422205, 0.24048862878549845, 0.24558001760095358, 0.2563826599650085, 0.2336846293048933, 0.25560701786931606, 0.2613598672326654, 0.24028742415905, 0.2627238144736737, 0.24270019080098718, 0.25000087781567126, 0.25144866782799363, 0.23297517439015208, 0.23974121268317103, 0.25882679160386324, 0.24433265002872795, 0.2612772096455097, 0.24877403257694095, 0.2611161871481687],