{"time": "2021-06-23_11-18-56", "last_steps": 2000000, "last_episode": 40915, "last_score": 0.7480314960629921, "scores": [-1.0, -1.0, -1.0, -1.0, -0.8, -1.0, -1.0, -0.6666666666666666, -1.0, -1.0, -1.0, -0.7777777777777778, -1.0, -0.08571428571428572, -1.0, -0.837037037037037, -0.989010989010989, -1.0, -1.0, -1.0, -0.7837837837837838, -0.8301886792452831, -0.7941176470588235, -0.8888888888888888, -0.984251968503937, -0.02040816326530612, -1.0, -1.0, -0.7435897435897436, -0.9722222222222222, -1.0, -1.0, -0.8846153846153846, -1.0, -0.36, -0.7837837837837838, -0.9809523809523809, -1.0, -0.12195121951219512, -0.881578947368421, -0.9587628865979382, -1.0, -0.982089552238806, -0.8166666666666667, 0.3953488372093023, -0.8918918918918919, -0.7158469945355191, -1.0, -1.0, -1.0, -0.05263157894736842, 0.1111111111111111, 0.873015873015873, 0.1357142857142857, -0.9555555555555556, -1.0, -1.0, -0.9847328244274809, -0.2, 0.0, -0.26881720430107525, -0.10204081632653061, 0.12244897959183673, -0.8181818181818182, -0.7037037037037037, -1.0, 0.37383177570093457, 0.5629139072847682, 0.6190476190476191, -0.7422222222222222, 0.16923076923076924, 0.5294117647058824, -0.869281045751634, -0.9906103286384976, -0.8051948051948052, -0.453416149068323, 0.4020618556701031, -0.8168498168498168, -0.5519125683060109, -0.3770491803278688, 0.2289156626506024, 0.03139013452914798, 0.0593607305936073, 0.1111111111111111, -0.5345911949685535, -0.48066298342541436, 0.6602316602316602, -0.7086092715231788, -0.7391304347826086, 0.6, -1.0, 0.4676258992805755, 0.3208955223880597, -0.28776978417266186, 0.5636363636363636, -0.962059620596206, -0.9790209790209791, 0.4423791821561338, -0.0364963503649635, -0.26517571884984026, -0.6467065868263473, 0.17647058823529413, -0.042492917847025496, 0.2988929889298893, 0.39855072463768115, 0.42745098039215684, 0.2391304347826087, 0.7596899224806202, -0.18543046357615894, 0.49242424242424243, 0.6254681647940075, 0.2558139534883721, 0.3284132841328413, 0.5323741007194245, 0.2831541218637993, 0.5773584905660377, 0.6121673003802282, 0.18272425249169436, 0.6589147286821705, 0.7384615384615385, 0.676923076923077, 0.28903654485049834, 0.5658914728682171, 0.582089552238806, 0.2862190812720848, 0.7984496124031008, 0.4791666666666667, 0.07894736842105263, 0.25245901639344265, 0.7890625, 0.22705314009661837, 0.6456692913385826, 0.7086614173228346, 0.3283018867924528, 0.660377358490566, 0.5928571428571429, -0.07801418439716312, 0.4275092936802974, 0.42641509433962266, 0.6412213740458015, 0.5928571428571429, 0.34035087719298246, -0.21454545454545454, -0.11815561959654179, 0.4911660777385159, 0.05732484076433121, 0.5, 0.5642023346303502, 0.10135135135135136, 0.5298507462686567, 0.4117647058823529, 0.6030534351145038, 0.29328621908127206, 0.6653992395437263, 0.3263888888888889, -0.18681318681318682, 0.03426791277258567, 0.6544117647058824, 0.025, 0.0670926517571885, 0.06885245901639345, -0.23204419889502761, 0.6444444444444445, -0.07871720116618076, -0.033707865168539325, -0.0703125, 0.23127035830618892, 0.6564885496183206, -0.19571045576407506, 0.5970149253731343, 0.703125, -0.15217391304347827, 0.5140845070422535, 0.23843416370106763, 0.45925925925925926, 0.36496350364963503, 0.48638132295719844, 0.5800711743772242, 0.7089552238805971, 0.7471264367816092, 0.77431906614786, 0.3541666666666667, 0.4411764705882353, 0.3857677902621723, 0.6615384615384615, -0.12129380053908356, -0.13573407202216067, 0.6045627376425855, 0.6946564885496184, 0.5135135135135135, 0.40939597315436244, -0.08235294117647059, 0.5687732342007435, 0.4052044609665427, 0.46853146853146854, 0.5294117647058824, 0.4122137404580153, 0.4154929577464789, -0.21428571428571427, 0.7480314960629921, 0.30097087378640774], "value_est": [0.023184099772199988, 0.011132266064174473, 0.04738613326676132, 0.049473555392771956, 0.03980299596339464, 0.0379692511619709, 0.0375805985243991, 0.04207909344695508, 0.038363477266207334, 0.036457245317287744, 0.041847888246551154, 0.037989849330857396, 0.034198915359377864, 0.04043224969245494, 0.03336975343879312, 0.03657329961489886, 0.031676995196938514, 0.029535426151938736, 0.029229772978462278, 0.03101563158314675, 0.03268780191801488, 0.03542678978573531, 0.03447648952845484, 0.03022756217867136, 0.030095859250798822, 0.04435552190169692, 0.028615634865686298, 0.026350002980418504, 0.03411359340045601, 0.027977789046429096, 0.025592335408367216, 0.02686850869823247, 0.034147049038670954, 0.028293730853125452, 0.041118589815311135, 0.02994087931662798, 0.0299631018480286, 0.02786378500368446, 0.04330933349151164, 0.03401112087462097, 0.029086547796986998, 0.025592294612154363, 0.025979484474286437, 0.03435788348652422, 0.05278189441151917, 0.02815427349433303, 0.04673858211170882, 0.02186057408116758, 0.02113019954133779, 0.023046313677728174, 0.0426660682592541, 0.03239122540745884, 0.07405662582237274, 0.18309088887535035, 0.02360001722853631, 0.020268930425494908, 0.020297092182189225, 0.02073163687288761, 0.06189902938622981, 0.021794262986816467, 0.05661027604304254, 0.04360369164273143, 0.1971164480447769, 0.026898487709462644, 0.03206738668307662, 0.01752797846067697, 0.16554095810651778, 0.1430650988586247, 0.2286061902442947, 0.04954685942605138, 0.057954820261709394, 0.15978722921945154, 0.02784264075271785, 0.019051637509092688, 0.03343919767793268, 0.06237626782162115, 0.08456696585342288, 0.04567943497598171, 0.0684325754320249, 0.0837669666139409, 0.0750472330039367, 0.14114988001976161, 0.14816633406952023, 0.2251956433037296, 0.10033495154436678, 0.12310429842937738, 0.2532891073465347, 0.04103200330287218, 0.0572280646668747, 0.2513671188590117, 0.01969154402334243, 0.24247645958671346, 0.2288221149360761, 0.13295985023993998, 0.25687328235451135, 0.027056745339371264, 0.022107201681658625, 0.24825257303006948, 0.1599187369240448, 0.1571965401319787, 0.09054512018226087, 0.16929244081825018, 0.22516709604253993, 0.24519235253045335, 0.24840661305980757, 0.2460977549768053, 0.23914837036449463, 0.2592456926083192, 0.16426341723520307, 0.25144529336616395, 0.2588857609517872, 0.22492904026489705, 0.24070118613019587, 0.2594600640697405, 0.24033188190944493, 0.2564579086283222, 0.25707532099373637, 0.23735413786862045, 0.261524342860654, 0.2617358300132677, 0.2613139984494075, 0.2502348625086248, 0.25633185204155745, 0.25889404897801577, 0.24435482268370687, 0.2646497792130336, 0.19155068404488265, 0.22911972580291332, 0.24599711731672286, 0.2613186006102711, 0.1702257490405813, 0.25415258619003, 0.25910653607062994, 0.24552332338392735, 0.2612077507145703, 0.2585164094008505, 0.16979767707064747, 0.24572286642864347, 0.2468695279436186, 0.25878792786821725, 0.2590011933885515, 0.24823390259761363, 0.15850843955483288, 0.21919631111696364, 0.2547244462314993, 0.22775044151116164, 0.2566089806126431, 0.2560147494601086, 0.22910650774817914, 0.2550533442296088, 0.24446151358466595, 0.25810115172937514, 0.23246593565568327, 0.26116449568495154, 0.2485455772265792, 0.21207046166546642, 0.2300366994369775, 0.26091675647981466, 0.22893077274058013, 0.22835314366668463, 0.23281535900868475, 0.21138995108418165, 0.2578363830938935, 0.22081211746558546, 0.17217072491385044, 0.1597797805937007, 0.24233984690178187, 0.2591133236180991, 0.2086786641072482, 0.2573726878555492, 0.2588982783462852, 0.2160953640351072, 0.26014817137233914, 0.2379761014584452, 0.253741085434705, 0.24068262516669928, 0.24838805555738508, 0.256509607709758, 0.26004017114657907, 0.26364961207080634, 0.2616107245516032, 0.24676669495180248, 0.24723498546667397, 0.24788564421907067, 0.25896501273736355, 0.2159427571900189, 0.21520243351813406, 0.2560763112785295, 0.25889847198147325, 0.2485312908425927, 0.2525392393544316, 0.22164973765481263, 0.2582875110741705, 0.25108571077454833, 0.25386571341641245, 0.18183067509569228, 0.24586498602069914, 0.2538416137298569, 0.20917137325238436, 0.2586813561949879, 0.24658752497825773],