{"time": "2021-06-23_11-19-17", "last_steps": 2000000, "last_episode": 39311, "last_score": 0.4188679245283019, "scores": [-1.0, -1.0, -1.0, 0, 0.5, -1.0, 1.0, 0.11764705882352941, -1.0, 0.3, -1.0, -1.0, -0.5652173913043478, -0.3333333333333333, -0.3, -1.0, -1.0, -1.0, -1.0, -0.6363636363636364, -0.9767441860465116, -0.4, -1.0, -1.0, -1.0, -0.3953488372093023, -1.0, -0.8666666666666667, -1.0, -1.0, 0.2911392405063291, -1.0, 0.4752475247524752, -0.5416666666666666, -0.9534883720930233, -0.5789473684210527, -0.9111111111111111, -0.16129032258064516, -0.7916666666666666, 0.3684210526315789, -1.0, -1.0, -0.7142857142857143, -0.9661016949152542, -0.7125, 0.3181818181818182, -1.0, -0.7647058823529411, -1.0, -0.746268656716418, -0.3179190751445087, -0.39705882352941174, -0.125, -1.0, -0.08333333333333333, -0.9302325581395349, -0.24444444444444444, 0.11864406779661017, -0.9428571428571428, -0.6729559748427673, -0.8518518518518519, -0.9146341463414634, -1.0, -1.0, 0.21212121212121213, -0.6912751677852349, 0.11904761904761904, -1.0, -0.25217391304347825, 0.47580645161290325, -0.044534412955465584, -0.976878612716763, -1.0, -0.9375, -0.9454545454545454, -0.8108108108108109, -1.0, -0.17543859649122806, -0.9939759036144579, 0.15315315315315314, -0.967391304347826, -0.5764705882352941, 0.6462585034013606, -0.9344262295081968, -0.03225806451612903, -0.3931034482758621, -0.4084507042253521, 0.6837944664031621, -0.6363636363636364, -0.8322981366459627, -0.9647887323943662, 0.37681159420289856, -0.3539518900343643, 0.5913978494623656, -0.1067193675889328, 0.3333333333333333, -0.9501779359430605, -0.09947643979057591, -0.6012461059190031, 0.40229885057471265, 0.7480314960629921, -0.275, -0.14678899082568808, 0.3726937269372694, 0.4749034749034749, 0.5849056603773585, 0.4358974358974359, 0.1786833855799373, 0.7218045112781954, 0.42955326460481097, 0.3357142857142857, 0.23297491039426524, 0.4752851711026616, 0.6, 0.4666666666666667, 0.5255474452554745, 0.6389891696750902, 0.4939759036144578, 0.12052117263843648, 0.3716475095785441, 0.6821705426356589, 0.2967032967032967, 0.6124031007751938, -0.009009009009009009, 0.5127272727272727, 0.05714285714285714, 0.39325842696629215, 0.6121673003802282, 0.44370860927152317, 0.09210526315789473, 0.6941176470588235, -0.07801418439716312, 0.36531365313653136, 0.6030534351145038, 0.5179856115107914, 0.7098039215686275, 0.7230769230769231, 0.23648648648648649, 0.2222222222222222, 0.34035087719298246, -0.032640949554896145, 0.45454545454545453, 0.6528301886792452, -0.4790996784565916, 0.6273764258555133, 0.32116788321167883, 0.47058823529411764, 0.6425855513307985, 0.7490196078431373, 0.7272727272727273, 0.6102941176470589, 0.375, 0.1540983606557377, 0.4444444444444444, 0.23333333333333334, 0.3408239700374532, 0.5454545454545454, 0.3333333333333333, 0.49063670411985016, 0.42105263157894735, 0.5461538461538461, 0.71875, 0.518796992481203, -0.20557491289198607, 0.2508591065292096, -0.012195121951219513, 0.04430379746835443, -0.00411522633744856, 0.30742049469964666, 0.5151515151515151, 0.6168582375478927, 0.19463087248322147, 0.6145454545454545, 0.35793357933579334, 0.5984555984555985, 0.685823754789272, 0.17687074829931973, 0.4580152671755725, 0.6171875, 0.42857142857142855, 0.004149377593360996, 0.417910447761194, 0.7692307692307693, 0.43373493975903615, 0.7109375, 0.2846715328467153, 0.696969696969697, 0.6015625, 0.5655430711610487, 0.6793893129770993, 0.59375, -0.43209876543209874, 0.7670682730923695, 0.6363636363636364, 0.5859375, 0.3380281690140845, 0.5503875968992248, 0.528957528957529, 0.5426356589147286, 0.4188679245283019, 0.7380952380952381], "value_est": [0.049120721643045547, 0.05770216708079243, 0.06629192825388164, 0.05929314318983816, 0.06192798821713077, 0.060583427150268106, 0.062234028951823714, 0.06168699395544827, 0.05799273201934993, 0.059968059077486396, 0.055821006717160344, 0.0517992645021528, 0.05394425438642502, 0.05496372721605003, 0.05316626722402871, 0.04893615766912699, 0.04662354229576886, 0.046385232055932285, 0.04752208057790994, 0.05324664775840938, 0.04836935785934329, 0.04898964058756828, 0.04411726075150073, 0.041551312392205, 0.043197034180909394, 0.049273601065203544, 0.04055613817796111, 0.042953636757656934, 0.03719721743240952, 0.03511880581080914, 0.07561760360784829, 0.034593208904191854, 0.1493794616445899, 0.043851936124265196, 0.035561451234668494, 0.04897171673960984, 0.03627201537322253, 0.043117864860780536, 0.03674162542577833, 0.05270098067782819, 0.031531904889084396, 0.03082349476162344, 0.0323431871406734, 0.03181166757475585, 0.05122376159075648, 0.05239681878760457, 0.028407626816444098, 0.030921338794939218, 0.028897139433957636, 0.04295701148286462, 0.08614732207804918, 0.06361055055242032, 0.03192039468307048, 0.02753018955886364, 0.05766844800692052, 0.030161842186376454, 0.04195968916621059, 0.057398297979310155, 0.02635789205469191, 0.04990971360411495, 0.027540764994733034, 0.04045268170237541, 0.02266646919567138, 0.022551564024947585, 0.06408671529907733, 0.04409318509902805, 0.07690939415115863, 0.0204614774543792, 0.06193401405028999, 0.2151569414107129, 0.14496363909356297, 0.020978811625018717, 0.018021321843378246, 0.023358555603958667, 0.02459855524264276, 0.025642749119363727, 0.018155280937813222, 0.1208802094376646, 0.018414219536539166, 0.08944153627641499, 0.0240921409079805, 0.08307404859000816, 0.15274060936495662, 0.021998864317964762, 0.1273105336945504, 0.12545682449582965, 0.08396559952814132, 0.24411743623800575, 0.0884082135828212, 0.04961337623912841, 0.023492285071127116, 0.23955628964193165, 0.128530533240363, 0.2512426813997328, 0.15500127697251737, 0.2379513882741332, 0.026623103043902665, 0.11586164744365961, 0.09300330661050975, 0.2441568321605213, 0.255016920713149, 0.15674408345781266, 0.12950744299869985, 0.23351780069759115, 0.24925049710394814, 0.25210983615573496, 0.2474012723788619, 0.23515926353484393, 0.26272089797221126, 0.2551921800272539, 0.24304826840162277, 0.23892047374229877, 0.25125395316593346, 0.25814683857485654, 0.16870316747631878, 0.25645964599046855, 0.2606545829426497, 0.1775728047389537, 0.23538388165514917, 0.24411571573428809, 0.2613768460737541, 0.24315845111310483, 0.2602555479556322, 0.2244112278036773, 0.25775340681839737, 0.16178534313552081, 0.24742249168418348, 0.26034789813514797, 0.2581177545160055, 0.23118442671056838, 0.25968706043064593, 0.1837948080226779, 0.24870429656244813, 0.25716479183733465, 0.2598412858121097, 0.26239412142932417, 0.26528690038416536, 0.24144178460240365, 0.2399343177087605, 0.24975772917233408, 0.22255887933671475, 0.24974948977548628, 0.2611656003559008, 0.1237647942893207, 0.2562698721874505, 0.24449790225308388, 0.25124678431041536, 0.26118429239317775, 0.25929853711463513, 0.2612956080934033, 0.25608331781122834, 0.2458969110094011, 0.23856929186265916, 0.25152993015833197, 0.24013346975483, 0.23630465020183475, 0.25314895668607207, 0.24704037998858838, 0.2479923024598509, 0.24725752943195403, 0.25272242189086974, 0.2589569989239797, 0.2505836483296007, 0.15204679740164428, 0.24064508808087556, 0.2208713530473411, 0.22702868527639658, 0.16601798839569093, 0.2390816406238824, 0.2513756210029125, 0.2575039278788492, 0.24089946203939616, 0.259567803023383, 0.25010454624760897, 0.2596464036278427, 0.25987947354409846, 0.23141548644974827, 0.2549855904852971, 0.25924452278763055, 0.2447254676643759, 0.17067385597862303, 0.2486353898767382, 0.26455958162657917, 0.17132590691260993, 0.2615437658563256, 0.24298382262326776, 0.26017856271434575, 0.2585612150000408, 0.2572570074943826, 0.2595286787634715, 0.2567327804569155, 0.13501702287457884, 0.26202038547694684, 0.260295674094744, 0.2541307867337018, 0.24842441087253392, 0.24440893350727858, 0.2510868427935988, 0.2522088005455211, 0.24454282328411936, 0.2541795281663537],