{"time": "2021-06-23_11-16-31", "last_steps": 2000000, "last_episode": 40392, "last_score": 0.46360153256704983, "scores": [-1.0, -1.0, -1.0, -1.0, 0, -1.0, 1.0, -0.8787878787878788, -0.2, -1.0, -0.7142857142857143, -1.0, -1.0, 0.07142857142857142, -0.9411764705882353, -1.0, -0.19642857142857142, -0.6190476190476191, -0.38461538461538464, -0.8695652173913043, -0.9, -1.0, -0.14285714285714285, -1.0, -1.0, 0.23076923076923078, -0.927710843373494, -0.7083333333333334, -0.9705882352941176, -0.9298245614035088, -1.0, -0.43902439024390244, -0.7068965517241379, -1.0, 0.28205128205128205, -1.0, -1.0, -0.20689655172413793, -0.8918918918918919, -1.0, -1.0, -0.9733333333333334, -1.0, 0.5714285714285714, -0.8148148148148148, -0.22580645161290322, -0.8811881188118812, -1.0, -1.0, -0.3108108108108108, -0.9166666666666666, -1.0, -0.7560975609756098, 0.2698412698412698, -0.3584905660377358, -0.0967741935483871, -0.9141104294478528, -1.0, 0.21311475409836064, 0.6374269005847953, -0.4166666666666667, 0.21611721611721613, -0.9234972677595629, 0.7894736842105263, 0.5607476635514018, 0.5342465753424658, -0.98, -0.2948717948717949, -0.9881656804733728, -0.8865248226950354, -0.9876543209876543, -0.9447852760736196, -0.7419354838709677, -0.926605504587156, 0.20958083832335328, -1.0, 0.5950413223140496, 0.23809523809523808, 0.5362318840579711, -0.8484848484848485, 0.5846153846153846, -0.09090909090909091, 0.09219858156028368, 0.43956043956043955, -0.38144329896907214, -0.9117647058823529, 0.3152542372881356, 0.5822784810126582, -0.3880597014925373, 0.2645161290322581, -0.3877551020408163, 0.1320754716981132, -0.5604395604395604, 0.4517766497461929, -0.3473053892215569, -0.1865671641791045, -0.21904761904761905, -0.39634146341463417, 0.625, 0.6830188679245283, 0.4065934065934066, 0.5514705882352942, 0.07023411371237458, 0.6165413533834586, 0.6165413533834586, 0.273972602739726, 0.3900709219858156, 0.45864661654135336, 0.17105263157894737, 0.44649446494464945, 0.7338403041825095, 0.12582781456953643, 0.5661764705882353, 0.5910780669144982, 0.35, 0.1872791519434629, 0.4121863799283154, 0.5342465753424658, 0.5182481751824818, 0.4626865671641791, 0.49063670411985016, 0.5862068965517241, 0.55893536121673, 0.1362126245847176, 0.6972111553784861, 0.42124542124542125, 0.5252918287937743, -0.021806853582554516, 0.6934865900383141, 0.15492957746478872, 0.5136986301369864, -0.6666666666666666, 0.6062992125984252, -0.25461254612546125, 0.6653696498054474, 0.3515358361774744, -0.08275862068965517, 0.4772727272727273, 0.7251908396946565, 0.2765957446808511, 0.43820224719101125, -0.21164021164021163, 0.6106870229007634, 0.2465753424657534, 0.8117647058823529, -0.07473309608540925, -0.4592274678111588, 0.6470588235294118, 0.17197452229299362, 0.765625, 0.5106382978723404, 0.516245487364621, 0.6929133858267716, 0.3594306049822064, 0.5880149812734082, 0.7421875, 0.7272727272727273, 0.4068441064638783, -0.48656716417910445, 0.49242424242424243, 0.5736434108527132, 0.23357664233576642, 0.3886792452830189, 0.553030303030303, 0.12, 0.3769230769230769, 0.5625, -0.16153846153846155, 0.3486590038314176, 0.1310344827586207, -0.06432748538011696, 0.21070234113712374, 0.5193798449612403, 0.4275092936802974, 0.27472527472527475, 0.3527272727272727, 0.3787878787878788, 0.21904761904761905, 0.26557377049180325, 0.6058394160583942, 0.20422535211267606, 0.5893536121673004, 0.594306049822064, 0.3310810810810811, 0.6931216931216931, 0.023255813953488372, 0.06060606060606061, 0.3380281690140845, 0.2537313432835821, 0.7142857142857143, -0.08262108262108261, 0.6153846153846154, 0.08125, 0.09422492401215805, 0.4868421052631579, -0.1737891737891738, 0.5971223021582733, 0.14906832298136646, 0.5205992509363296, 0.46360153256704983, 0.4559386973180077], "value_est": [0.04002321620993316, 0.0026656562348478475, 0.022424335848359622, 0.04157051084103296, 0.05102213552799076, 0.03450508774161935, 0.0369692692713812, 0.03660439996644854, 0.04039306634813547, 0.03794089559279382, 0.0370113611003384, 0.03572736515197903, 0.03161094030588865, 0.04461201753709465, 0.03395061635281891, 0.0318192189456895, 0.05101903590802103, 0.03875305817518383, 0.04212419709414244, 0.03405517637748271, 0.03335562253352255, 0.03157164483815431, 0.04393509637974203, 0.030255292036011815, 0.02903758737500757, 0.03412672348115593, 0.030677961180731655, 0.034140027440339324, 0.029047008240781724, 0.029190835983864964, 0.026630347451381386, 0.04649283018987626, 0.03990630935374647, 0.025046242044493554, 0.04885346376523376, 0.02695042928420007, 0.026439383981376886, 0.046892430286854504, 0.03221290580201894, 0.02605488771982491, 0.02652552919909358, 0.028910708105005324, 0.02593159594666213, 0.07745128776393831, 0.030307529460452495, 0.0485675102699548, 0.03150124773550779, 0.026760724730044604, 0.025355002071149647, 0.07687665041629226, 0.029041747820563613, 0.022018890725448728, 0.03387303749863058, 0.1000440669780597, 0.04262777358908206, 0.05237091994062066, 0.030298678642697634, 0.019829847703315317, 0.09874572846889496, 0.16292887396998704, 0.030022965598106383, 0.19382989663742484, 0.02962602179441601, 0.04047243615593761, 0.19778490134291352, 0.13487846488337965, 0.022285966750234365, 0.08593862412981688, 0.018894267945364116, 0.02919680726341903, 0.019865734460577367, 0.02641672949735075, 0.043898080487921834, 0.02210551319755614, 0.13709111345633865, 0.01702364651542157, 0.22853084096573292, 0.03214111345000565, 0.13161096626892685, 0.02330119913322851, 0.2445254747647792, 0.02169857176095247, 0.0988985560121946, 0.16430875140530987, 0.054741598232556136, 0.021358403693512083, 0.2417008465447463, 0.153091513474565, 0.05940514638554305, 0.12326074099931866, 0.06300028809895739, 0.1450746645383537, 0.08617133015748113, 0.1614418400468305, 0.1339954790527001, 0.13160995731167496, 0.1571939246014692, 0.12929429455865174, 0.2535235511790961, 0.258203146116063, 0.24109802995314822, 0.25601734003014864, 0.22320600468218327, 0.2582475297992118, 0.25741036489550023, 0.24284115930004047, 0.2484721618173644, 0.25062962096948177, 0.23752268764097242, 0.24666510641826317, 0.2600583526417613, 0.22723369246954098, 0.25521643983311953, 0.2558022157745436, 0.24516738622635603, 0.2282600629316643, 0.2501302589774132, 0.26036099266614765, 0.25186417166814207, 0.2544425752218813, 0.25367869303524493, 0.25816652388665823, 0.2525681440697983, 0.23464888887349516, 0.2571999300900847, 0.245025004167296, 0.25245398224648086, 0.22071887183543296, 0.26108297712225464, 0.22791263151578606, 0.2593837491080165, 0.07822272755485028, 0.253208479642868, 0.1505649021856487, 0.26066713260728863, 0.24811973192803563, 0.16974339885096998, 0.24433034240361304, 0.26286459192279726, 0.23747283565122634, 0.24183546083047985, 0.20709236933048814, 0.2575032220784575, 0.23976854231879116, 0.26011017467603087, 0.16583569991458208, 0.09412857437208295, 0.25513493851050734, 0.13623374429866672, 0.2576753821665421, 0.18515788200423122, 0.25586863502003254, 0.2575654496291652, 0.23948176545128227, 0.2544537214828655, 0.2553635337524116, 0.25696957891788336, 0.2445711454067379, 0.12809739435147494, 0.24664629649072886, 0.2487675396423787, 0.23227594145424665, 0.24031441626995803, 0.2522686694158241, 0.22593651694338768, 0.23984404845796525, 0.2519231485011056, 0.1441415115136653, 0.23820861437246205, 0.23114401531536133, 0.2228680175021291, 0.2388178178207949, 0.24984627906884999, 0.24030472801588476, 0.23511834049522876, 0.24654538818914443, 0.24144895821772516, 0.1676393249951303, 0.24547153312098235, 0.2573667574124411, 0.23191866790540516, 0.24490555829964578, 0.25914539481773974, 0.24821016702018678, 0.19012510801311583, 0.17530210926439613, 0.23225594620481133, 0.24502053471058607, 0.2343385769011453, 0.2583958395520225, 0.2208601187918335, 0.2599692071726546, 0.23475920974127948, 0.2379585602754727, 0.25935486946925523, 0.21560664527378975, 0.2605242468582466, 0.24017998547255992, 0.25440734943728893, 0.25138547934554517, 0.24956858704052864],