{"time": "2021-06-24_06-50-24", "last_steps": 2000000, "last_episode": 3972, "last_score": -96.81282955782996, "scores": [-100.16937508665632, -99.9953109033062, -100.2747610429267, -99.96757423180934, -100.14904457575597, -99.95198584764236, -99.94417594538272, -100.0595255245931, -100.0541511465023, -99.97965169523222, -99.9588174974158, -99.91666477169927, -99.89742873917002, -100.17027260815972, -99.97438241610857, -43.41523228413996, -100.5238934722821, -99.95976368446027, -100.04475200189313, -92.96831476829904, 15.73976252892533, -100.17195564449018, 13.21366870401064, -100.10219697258027, 16.40400126323392, 12.384006097549038, -93.58645504529424, -99.80296096256491, 8.638828055418973, -100.13896242587617, 2.5048948077974127, -100.11645657929465, 21.23957508191627, 3.536510489815824, -100.02962572236433, 39.66277345110392, 0.4318118316963502, 16.75522367363274, 12.95841057252492, -99.90544544449259, 0.5569302347888373, 58.197021277266, -100.03944430571872, 15.708312750537205, -100.08125252130326, -90.11480753687871, -81.631829261213, -97.59886662967814, -92.09276247220825, -99.95267134007952, -100.12313465414265, -3.121109030524377, 2.171443306788379, 4.009335412159185, -85.5200861254641, -78.53383177378498, -16.495687299662304, -89.79732684686199, -0.09393062391930725, -85.90091933055166, -94.2774797159674, -79.9087596246335, 8.455377250475983, -95.4682765844198, 4.985662435824369, 78.4722108536584, -85.29968550369745, 5.497908125982961, -82.41726094100225, 9.150364840978243, -85.3011362193325, 9.171276654534237, -89.18080348551189, -93.06429634133305, 4.39286253938108, -80.73898187071599, -92.75643656490722, -91.18442467595608, -83.95926915158157, -39.890626065559445, -5.278559983650173, -78.47414755008225, -84.77519672770272, -92.16255742287487, -89.54717361686487, -95.31815314777369, -91.40919931409144, -93.45082602397699, -92.9464714253798, -94.6711037111152, -55.46015231214955, -79.68792402366161, -90.06602888505365, -76.98026253244535, -84.19160377481036, -91.39480979516404, -79.92023780682146, -93.27746506825297, -88.92021494947576, -93.42640131827989, -66.19292340103499, -24.675677769388724, -90.32547541028245, -85.24341000520145, -87.84904680624955, -92.81289460226529, -58.30206650346142, -94.45470142322128, -88.62470318166162, -83.63039901638537, -84.73230701389194, -93.69438588388064, -32.100465039717974, -89.79340714168447, -11.955801679655405, -93.58537829708712, -82.18504650675835, -99.99614816293875, -87.14386657982377, -62.49126052477702, -83.96727262556271, -5.628311941247536, -93.48098297208918, -82.98202026586034, -81.34470242535454, -7.248069672354288, -92.67811826079068, -93.48150349309886, -92.31354912456553, -95.8866922011241, -95.55003034978074, -100.07801943936242, -95.85048285494233, -90.39456828441374, -0.1227346906357293, -95.1808910645429, -88.22682642315063, -92.07015330748303, -54.85295820178131, -109.23913539832874, -97.81908322812956, -95.41426755791227, -4.342661865478393, -97.39209853152882, -93.94553751107988, -95.61678738545916, -95.5633034278838, -1.8505496938828288, 2.093739159531951, -2.8556558976407507, -4.079298183829485, -0.10548282091889213, -100.01392577613149, -94.9643549501919, -94.57980771722832, -83.99281658085262, -94.13637047847656, -89.36840999016984, -57.11805642571244, -0.07002304872008247, -65.44440224593852, -95.15946334328243, -0.0994870666047517, -0.16450065140000372, -0.018450695908507994, -76.09361046446912, -82.30582583589192, -92.78246583870447, -0.11386311966230646, -0.27013011096474165, 7.594537520973148, -100.16298442786179, -0.15653670656645752, -95.11114942460284, 6.326609172726594, -36.93981827514467, 1.137640930545488, 1.0488897572720164, -50.709243083056954, -6.785512095844592, -0.15197161097469916, -0.031961682367745964, -97.25566781418102, -91.53722578713788, -0.16602416502115214, 0.5186557575857975, -67.11480868968323, -0.1409981789060949, -96.18370387164673, -100.31222476150577, -95.86307871518245, -94.65642415117208, -100.02964148172238, -0.23950332975679844, -97.33846011260887, -26.700489055842365, 8.768170338206264, -0.14024143572316933, -103.71365362737029, -96.81282955782996, -47.19223574737264],