{"time": "2021-06-24_06-52-37", "last_steps": 2000000, "last_episode": 4323, "last_score": -0.19658020397460257, "scores": [-100.0646087364415, -99.97196626196407, -100.0, -99.94317911599272, -100.02926158553468, -100.19120060738625, -100.01736513467765, -100.02154821386496, -91.07746533155189, -100.13913124553575, -100.00027064996468, -43.222190432710306, -99.95947451178601, -100.10719079623581, -99.88972732872386, -99.9051951919634, -99.84395282168819, -100.07056108618278, -100.07329457847835, -94.65151278664888, -0.2256342836856055, 13.604652797956133, 3.931263938482706, -100.06394996485894, -100.07144798667484, 5.2121370462416445, -99.9231414766443, -100.04395120542345, -99.85670317369083, -100.1445532334173, 52.28361442010402, -95.391269669155, -100.04006688957341, 17.52937385111342, -34.03243710802986, -100.12181389458073, -100.16063669105445, 9.019001885346357, 1.9403571424892412, 60.56770435457082, -94.50759037108725, 5.996070393390729, -100.12708914603277, -100.08825670293307, -99.87188544984149, 10.83623990484271, -97.57753501739663, 2.0828177490658835, -99.86150617640114, -100.15065266386515, -99.88710256068478, -99.92841374949744, -100.19083702892104, -99.89332767464481, -22.62741125388761, -89.28819166791858, -84.27035262058492, -100.09382916985085, -100.11297302685476, 6.883160675926126, -83.43114575184866, -78.61791955562626, -88.2089036320488, 4.6819805463267885, -99.91709512850143, -100.10081524531522, 33.18335204061473, -62.977410335676055, -70.6569366787529, -7.266392139486822, 6.101746712312417, -88.06583349605243, -81.30607725230716, -73.97169465317361, -91.06415865420793, -3.064820579041685, -100.00688294292839, -12.341754367274586, -86.21295192338297, -88.17159547492618, -25.261430179403273, -90.8703247549438, -84.63788208684561, -77.66284340180421, -89.55179762024164, -87.42535226937954, -94.10835769566181, -94.54936324013903, -92.94976701756113, -99.88899716788373, -88.06294620050741, -85.07665519535506, -66.4907686442809, -95.22823587249677, -89.45516828073676, -86.71922399593598, -3.435913850477331, -3.2181106917976816, -84.33033002270552, -83.60535188664686, -87.47206461779436, -89.64060112106378, -80.66113763797938, -92.58308700072052, 0.4241479766674247, 0.3990223094410817, -100.02534972100673, -104.18927832848833, -90.17274118775183, -79.93036991638827, -0.10774549538964617, -100.08566919336744, -0.09681972220933038, -55.42852568826887, -46.32160118171993, 2.629981950216576, -85.90776655141474, -15.838171112658712, -95.45613774688759, -66.17421628304544, 0.2306513835577989, -91.34395242359972, -100.18002025049063, -92.60871079972361, -64.99528243375764, -0.631898349586841, -94.51067243661409, -0.33940505847020197, -8.35210357306531, -100.00810374981114, 4.061774031684255, -64.85843557896483, -95.56808289176519, -100.02662789570356, -85.984105236912, -66.85142083483532, 0.46476512560703853, 3.91959965283238, -99.99162693127136, -92.48991361362275, 0.6577346164298808, -104.74807189031593, 1.3634683287308966, -0.3175553985286769, -54.593441212191955, -94.79583233236045, -92.1323136573938, -85.20738861894469, -0.11033887978758027, -0.1084039647620814, -100.0273130741449, -98.0332777809559, -99.98493982189834, -95.61330942430534, -96.7804458579741, 6.345446010138587, -4.21933533740206, 1.648846057256916, -67.66540277547637, -79.06850724529119, -0.2896855250121047, 12.507881289890037, -87.74142304660282, 4.314960159025096, -94.40856896154824, -0.07330344352960914, -90.17152949038285, -86.01904541798778, -94.33888204449295, 5.15757255234014, 7.140570997934258, 0.0704115839592438, 0.15061181049030542, -100.00550043614572, -0.2542068410397965, 0.3898673592154292, -0.14917492271191313, -96.00289349434972, 0.25178381467985766, -0.6146598976317126, -95.01459540203328, -0.2581634665469886, -101.02764221973987, -22.729980452648913, 2.46911119097189, -99.9795842382018, 2.7697358435342183, -0.09300084986495043, -0.08690660774627512, -0.5161363438850265, 4.39300624960341, -0.4552405918849456, 2.84210425142961, -0.1530907833351989, 2.9808391712734768, -0.8369766939878968, -52.6352510023225, -2.362406383356185, -100.05588580801884, -0.19658020397460257, -70.44979800947272],