{"time": "2021-06-24_06-53-07", "last_steps": 2000000, "last_episode": 4047, "last_score": 13.31234802701774, "scores": [-99.97434896562781, -100.06603755756548, -100.08690879729087, -94.98946129061133, -99.82445645256438, -99.93196271565027, -102.13764944645237, -99.96870047652224, -100.06258149057878, -99.9723285003136, -99.9147722605087, -96.411865435601, -101.51864465607628, -0.1958027328215489, -99.91415809577838, -60.37697165055383, 0.2643558632073966, -100.04474486836098, -99.96432560308239, 6.077880850522883, 6.24159464662013, 1.604123369929771, -99.91633480912888, 5.709485436266854, -93.52688373348161, 3.4507856314568137, 0.6382392003718795, -99.92884068853725, -99.94392432481094, -99.98052013986, -97.08187855610075, 9.288301967792933, -95.1629701153353, -93.99671979932286, 0.340529386571572, 30.44360453128868, 15.328570379455286, 5.965892663122054, -91.48999470271264, 20.64194858097923, -95.00981828437807, 3.8926621858696793, -99.88482315136801, -97.76897334385092, 16.8662552973865, -6.348545792988395, -81.12702544118396, -99.89604183158306, -12.704924223781022, -87.99243355926856, -48.759779264540335, 2.5993707773672536, -99.94138460888655, 4.663867243971264, -0.534056208572066, -87.26716490809326, 8.64976555466112, -81.42193059507953, -76.81130375692166, -90.75827718360365, -92.60757421110975, -100.1200579325121, -90.40571631344747, -71.07191349148836, 3.5661007477675386, -59.67137539235382, -90.0540663297038, 11.650950678302987, -65.42048977960107, -91.63298637381037, -90.70757999950983, 5.274767744710717, -51.024809274299216, -80.05368501839291, 0.5510013966098359, -85.95798981255112, -93.1191155472551, -92.33759664543547, -93.58941151560181, -90.69592529536226, -93.98947765760037, -94.08511727566807, -92.88050391753396, -91.09563022699427, -94.1330670796588, -94.73411033869662, -95.35816799169511, -94.4422293174148, -90.99310887320551, -35.59200632669099, -95.19091674481164, -93.06303535892818, -95.85501393108709, -93.8203363858319, -94.60974093097865, -96.3410071534337, -87.67559734461886, -89.85875575371749, -73.83261077161143, -97.02262560284946, -94.58442044754217, -0.18743160786779267, -8.039043732383158, -0.995579848932115, -82.98703544810283, -91.1886440811507, -0.09075559197944044, -100.19297723454156, -100.05120758192788, -0.25817903855044777, 1.377933737777174, -100.24520921846218, -88.926958022829, -0.1010592418976031, -92.64867876707991, -0.07583146682531985, -97.41673653848792, -100.08377120690616, -100.0297229110544, -96.34857773546425, -97.36724142185714, -0.6068095789759965, -99.99793570297594, -35.89458730520738, 1.9809962256528115, -96.32076801214468, -0.24944097627869394, -95.2214496706961, -97.71579732090852, -96.6737936879102, 3.4541764492562828, 0.6554481999562555, -86.03902103842618, -91.99642414245011, 6.613846687224745, 2.9013459630533323, -3.1410048582519727, 2.836287273461177, 0.27901291347359136, -0.11833125975201453, -94.17269709169392, -62.34781943313125, -100.13852968032978, 1.1497542300957102, -99.99708720122213, -94.73315042795676, 17.561751706355317, 0.7975544473829822, -91.1347368732608, 0.672568878173936, -77.9256670706215, 5.883035793684719, 16.639478453985152, -0.22270357709081948, 1.2255603805686077, -92.57482533664596, -95.9923601214514, -97.26811934302923, -95.4490148504593, 0.8945856436762628, -93.90898389982797, -95.25639403886463, -71.43047279452762, 21.251733773547627, -0.1734255097390465, 2.1971785937083026, -0.04501499126743936, -96.8877462468911, -97.98838435782015, -97.32071847331427, -0.318530711162901, 38.805556061880544, -100.0527820034656, 0.7578363786803575, -95.67621417890565, -96.65795645695127, -0.24066639067826961, 54.25746617819896, -94.72608564329772, 0.47611235771156374, 10.84688656816635, -1.4684659719986235, 0.5742300431720889, -100.02110510950806, -94.80178203376741, 2.3139342913848897, 20.765892841570334, -37.67832799621125, -90.24840977721084, -96.65905465768685, -2.6847110344753635, -99.78344557598122, -0.11774476167132963, -97.00062168900503, 2.2134639307938087, -0.3886815595179327, 1.5678455223562875, -89.87974152875364, -0.14214436697211816, 13.31234802701774, -0.780204008230211],