{"time": "2021-06-24_06-47-33", "last_steps": 2000000, "last_episode": 4120, "last_score": -68.41405108247646, "scores": [-100.03414815675752, -99.95329697385579, -100.03553165583475, -99.91484313327997, -99.99238711220414, -99.96558393464983, -99.96639483255059, -100.10523392642519, -99.95115314425793, -100.01500854278211, -0.14095750086021175, -100.20917676236701, -99.95611013145701, -0.2360426507672782, -0.10117430842523044, 8.604333033836644, -0.24229155954148543, 2.028325097794237, -45.76126142081464, 66.79083684982255, 3.1343808631943872, 5.0390301188054085, -100.03578243793682, -100.01623399011525, -100.15468658543227, 16.51016869839392, 17.23585848075229, 7.513572319317659, 13.928268361780303, -100.07995982403784, -100.08698515916821, 1.4400785504424918, -64.50304877171426, 5.353583532884263, 17.252925572073128, 4.153486586988441, -99.88602933277576, -95.22003635463139, 3.931628790420628, -99.92578738785326, -57.410264167274164, 54.80684021696209, -100.13163392857558, 2.3105332661732145, 3.4724183210912405, -99.95413885398939, -99.87144518403495, -100.17855429141375, -99.94600075128862, -99.9491125418036, -93.90061212482357, 21.867343714336652, -99.93898584717998, 0.8358216075980905, -99.89577198644189, -0.2693146634336032, 6.471589786349819, 8.192685854326848, 19.25821647586397, 4.083602235235502, -100.12747704326809, 8.780861019936074, 3.3946039824821725, 30.517781254227796, 5.192307917066353, 1.5623216713521297, -52.87758605926691, 60.87519633510951, -91.15463502403499, 0.008085573169748105, 9.310494223879376, -6.1606120454835, -91.38821123733737, -99.92079669017708, 3.7950982973407696, -90.97497379384653, 9.84821497331594, -90.33124052966001, -88.20303940641375, -90.99335411223417, -40.57108270274287, -91.31697743002059, -35.57118619545825, 2.5594560353305233, -7.7601156921670915, -49.50562957958312, -90.48312630723127, -68.31500262435937, -93.4395156047882, -94.21813248863798, -81.93809378643132, -87.25677043451941, -93.37167550211649, -55.51529907481827, -90.27080923353074, -93.26926442030462, -95.13654909268047, -94.44945171928885, -93.98101463866787, -95.21069605320184, -96.3536044340717, -0.04568942074957747, -90.2966323467505, -100.14967454559869, -92.8844382314575, -96.35092905301444, -0.013169894877896136, -95.34838751044117, -5.7913284420534135, -94.02090701929343, -89.96013526574191, -93.01041178907671, -0.17455029642751743, -29.49522391121055, 0.369244795037139, -94.332434752159, -93.19529421876021, -100.14690376252011, -0.4109545061434161, -97.00231375026489, -90.97965227034017, -99.95061057601083, -0.10412939889595141, -0.02893268955884809, 3.7267718787760704, -65.25024185327952, -100.0991517599214, -100.11566187355666, 3.228070586034309, -0.2980653168349069, -0.18434629585058587, -90.74115500765635, -1.9316691960869263, -0.08102295253773475, -99.93862630021674, -95.54658201115443, -0.16608128400245256, -94.05456080903913, 0.9149654852924092, 1.2022123073792832, 3.2459531690695194, -91.58049762215914, -72.88969638200358, -0.44727484803297807, -11.542210688918612, -0.7461831091266435, 1.3332624913972884, -100.00683153258927, -84.67836965913698, 2.7006492653949254, 3.828117104577882, -94.61913729518892, -93.21606128624234, -0.23795248206538538, 15.14286773194659, -90.05914615595067, -53.12528425259352, -95.47101155368324, -0.3074857159024585, 6.369953042497745, -76.92515720019661, -99.926145420572, -95.86926723614793, -100.03140035466183, -102.21822813563591, -100.30238581112572, -65.28725800129814, -2.0251888733892756, -100.18851157672162, -89.45675472850316, 0.21665184645913516, -100.03255249411325, -0.2984110833347737, -92.39960958207087, 0.3650310960875, 0.3004721494880481, -0.09851048540682483, -94.19032155430826, -72.6522612718956, -91.1211808830378, 8.338301142823527, 2.1440562356152495, -99.97251386082263, 18.773885985937174, 12.522214835499176, 1.0882517729045762, -0.11369034286767402, 3.613398922723358, -103.25787569624536, -0.14235073304962512, -0.03584710721449542, -46.17068868169624, -19.24527166285591, 5.012383561206591, 1.2593811666792052, -97.12726411954804, 0.06769321865243612, -29.224206024361006, -102.05700865884087, -68.41405108247646, -97.56200997224484],