{"time": "2021-06-24_06-52-17", "last_steps": 2000000, "last_episode": 3750, "last_score": -60.544158746356764, "scores": [-99.97369695654457, -99.9838706639376, -99.99591368188098, -99.97256944330996, -100.01088654830119, -100.31373763376111, -100.06255975674802, -92.88462877527574, -99.99869896582733, -96.20909935287746, -99.98882185980389, -100.22155625619267, -100.02010603836935, -100.31376795625967, -99.02284985625741, -100.07303376065113, -100.33103660043048, -100.0995913084921, -82.72348741895355, -0.2589709107775449, -99.94583003475726, -29.958336603923378, 0.14536919498888895, 46.84767264349515, -99.91410947447802, -10.837145778763968, 6.97758134476075, -100.079360458512, 94.38277567000931, 4.368383029075808, 4.321714487276222, -99.92239503326758, -100.11738284019862, -67.86996195236175, 17.658882137240372, 7.191001391858928, -99.94639037670441, -103.35398856629119, 3.386658263625333, -83.8052202409898, 18.586528732743886, 80.65147693114238, 12.273312880641079, 7.805491456509729, -99.8922738926687, -100.11529683460454, -99.92038315904506, -99.90713781158735, 12.308264912477936, 5.833449766257841, 23.012683575994103, -100.20036759775383, 17.933440281538868, -93.60921760485923, -99.89035225354516, -90.65159492825717, 49.37211262304696, 4.144028006376801, -83.84118061870586, -100.13755678258401, -88.97258146459941, 6.193284486206347, -99.80977141234007, 3.153788799176352, -92.15630800581201, -99.99618704688038, -84.17868894017137, -67.66318455493075, -91.90478036620998, -90.57255026122927, -80.67325409947465, -86.64476167710282, -91.12384858315211, -93.75195249013804, 3.121422081447189, -21.84522830277648, -85.5350288464188, -92.2162063264361, -84.45588222046237, -92.81436590175609, -93.41015889721355, -92.69342091438597, -94.63760551500442, -94.47360544858047, -94.66932529617782, -93.65485367138442, -94.41445603945107, -91.07177942408582, -94.98756070884055, -95.13676812441683, -91.09421269336798, -89.54288523260888, -93.89966370116325, -94.8933408453775, -95.13928729881101, -91.39082315446866, -0.06502152680692205, -95.86765361977496, -4.7857004833118655, -3.2248720870311973, -14.145702214197561, -93.60729126054586, -49.22391440477846, -93.54470899043973, -93.76736949728695, -96.12397590481159, -56.577761828428144, -51.978155449910844, -95.2574922578068, -87.18753692542604, -2.768288055526707, -96.22004200772902, -2.5682799765636117, -96.05123924310062, -96.7557182727691, -68.24614444023881, -75.34774197927811, -87.63349867464045, -92.29765828343737, -97.08564534923036, -95.12445309684819, -94.17106237970621, -93.23736440737059, -80.30519369516504, -94.02767992222802, -96.01943459292828, 1.6319210240200903, -96.10870794299402, -67.76187632020387, -0.10738170858997641, -0.08825492596524893, -95.85347738444496, -96.72616557886228, 1.2649297630147003, -0.10885872337908487, -57.41617150814036, -91.80563158730598, -94.90165885466772, 0.1592781876107781, -85.82070822572385, -96.02728289772611, -100.17408737378197, 1.0912309127793873, -0.15225592020786963, -0.14500754735779875, -100.07078402572334, -0.1725239968398546, -97.6441916557907, -72.16507377514654, -93.15889907705225, -91.93879694015259, 0.25210843053249987, -97.7968433533513, -95.1910482067001, -0.048501629921726734, -1.2273039515322879, -0.16818365977132582, -20.158031887233662, -0.10286350721609575, -92.64224330942412, -96.43726761226006, -82.03085386385654, -0.20287103267860446, -96.66087913873413, -0.03845978107126945, -94.84079270871187, -97.34603726306771, -0.5234831433106348, -95.71247497622706, -66.37905356696923, -78.8454506259184, -0.3854954836738718, -85.03019280887752, -100.13352534096255, -0.04803645612140364, -96.00573993763317, -1.228963266222939, -50.91784609287815, -77.9190504689556, -0.1268582438178493, -94.24799730974975, -100.00151221657711, -0.2270190780083997, 3.427889698866948, -1.1167049994536762, -0.5065700822051232, -0.04414472161658851, -1.1826313872889367, -0.11680492724973666, -95.03892873548868, 1.2759401998404705, -0.17721972018387158, -0.3006061184664575, -85.4957910013862, -0.0615336663990375, 4.97901728295625, -0.5076160062146094, -97.29624323216264, -88.1993480426386, -60.544158746356764, -0.23001737909478456],