{"time": "2021-06-23_14-12-23", "last_steps": 2000000, "last_episode": 32239, "last_score": 0.25, "scores": [-1.0, -1.0, -1.0, -0.9903846153846154, -1.0, -1.0, -1.0, -0.625, -1.0, -0.6666666666666666, -1.0, -1.0, -1.0, -0.6491228070175439, -1.0, -1.0, -0.08571428571428572, -1.0, -0.75, -1.0, -0.7037037037037037, -1.0, -0.6428571428571429, -1.0, -1.0, -1.0, -0.7209302325581395, -0.3333333333333333, -1.0, -0.5625, -1.0, -0.42857142857142855, -1.0, -0.9865771812080537, -1.0, -1.0, 0.6944444444444444, -0.7935483870967742, -0.9298245614035088, -0.6666666666666666, -0.7227722772277227, -1.0, -1.0, -1.0, -1.0, -0.34782608695652173, -0.5925925925925926, -0.864406779661017, -0.6296296296296297, -0.5, 0.5348837209302325, -1.0, -1.0, -1.0, -1.0, -0.1891891891891892, -0.9428571428571428, -1.0, -1.0, -1.0, -1.0, -1.0, -1.0, -0.25806451612903225, 0.06666666666666667, -1.0, -0.375, -1.0, -0.2777777777777778, 0.6533333333333333, -0.5873015873015873, -0.29936305732484075, -1.0, -0.8878504672897196, -0.7662337662337663, -1.0, -0.9393939393939394, -1.0, -0.4174757281553398, -0.9702970297029703, -0.9085714285714286, -0.9813084112149533, -1.0, -0.9534883720930233, 0.30158730158730157, -0.9877300613496932, -0.6904761904761905, -0.45454545454545453, -0.34615384615384615, -0.2727272727272727, -1.0, -0.896551724137931, -1.0, 0.24912280701754386, -0.29896907216494845, -0.9858156028368794, -0.8832116788321168, -1.0, -0.8769230769230769, -1.0, -0.6, -1.0, -0.5145631067961165, -0.5897435897435898, -0.9111111111111111, -0.1891891891891892, -0.7382198952879581, -0.2634730538922156, -0.17197452229299362, -0.5897435897435898, 0.22580645161290322, -0.806060606060606, -0.9919678714859438, -0.3798449612403101, -1.0, -0.06060606060606061, -0.05185185185185185, -0.33884297520661155, -0.45, -0.2795031055900621, -0.6865671641791045, -0.4057142857142857, -0.6, -0.6964285714285714, -0.5444839857651246, 0.4482758620689655, -0.651685393258427, -0.8301886792452831, -0.7349397590361446, -0.5066079295154186, 0.696, -0.5, -0.42857142857142855, 0.5119617224880383, 0.3, -1.0, -1.0, -0.7163120567375887, -1.0, 0.36329588014981273, -0.17131474103585656, -0.5822784810126582, -0.7785016286644951, 0.2538860103626943, -0.5769230769230769, -0.8029556650246306, 0.751412429378531, 0.328719723183391, -0.18518518518518517, 0.21052631578947367, -0.391304347826087, 0.7768924302788844, 0.6766917293233082, -0.3939393939393939, -0.2163265306122449, -0.7123287671232876, 0.5285714285714286, 0.28776978417266186, -0.3581395348837209, -0.34146341463414637, 0.4140625, -0.05263157894736842, -0.07279693486590039, 0.12258064516129032, -0.8403755868544601, 0.2052980132450331, 0.34782608695652173, 0.42424242424242425, -0.3125, 0.5953307392996109, 0.44274809160305345, 0.13131313131313133, 0.4306569343065693, 0.5119047619047619, 0.4772727272727273, 0.14906832298136646, 0.3594306049822064, 0.5925925925925926, 0.09565217391304348, 0.5580524344569289, -0.358974358974359, 0.6551724137931034, -0.20430107526881722, 0.5037037037037037, 0.6060606060606061, 0.2631578947368421, 0.6141732283464567, -0.3402061855670103, 0.5311355311355311, 0.3018181818181818, -0.31266149870801035, 0.087248322147651, 0.4306569343065693, 0.21476510067114093, 0.5849056603773585, 0.31448763250883394, 0.6551724137931034, 0.720754716981132, 0.4220532319391635, 0.25, 0.6119402985074627], "value_est": [0.018937975564878435, 0.018413399349609973, 0.030916319758538157, 0.02316577037209645, 0.011311224736087025, 0.01284682964120293, 0.01585901859012665, 0.01626332726647379, 0.02668477551841643, 0.02343420630051696, 0.019533694735821335, 0.018049106450751425, 0.017094610918778928, 0.0175358439640142, 0.01648680529789999, 0.017483944438491016, 0.021313761254027487, 0.01822987740598619, 0.019214185698330402, 0.017341222201194613, 0.018129333358071743, 0.016831676715333015, 0.018685768570750952, 0.0174252900310792, 0.016785614831745625, 0.016804833684396, 0.019542078323941676, 0.021793008576426656, 0.017242578979860992, 0.02071947162989527, 0.015653009636327625, 0.01842485456028953, 0.01569376974403858, 0.016398732344061136, 0.016217529222089796, 0.015984631698019804, 0.046772084926720706, 0.024447861133236437, 0.01929703635815531, 0.02069003359703347, 0.023853983655199407, 0.01626211853781715, 0.015403032636083662, 0.01486164116859436, 0.014925218235328793, 0.0257810027949512, 0.031203170101623982, 0.0232560328588821, 0.018822574608772992, 0.01919588977433741, 0.0394486926632002, 0.0141767933819443, 0.014937171396333724, 0.0149915172861889, 0.013774834362138062, 0.026531657204404473, 0.016063784109894185, 0.015182779121212662, 0.014402808970678598, 0.015729035324696453, 0.014101688278466463, 0.013789542590081692, 0.014853043382521719, 0.03351682105027139, 0.027790528763178737, 0.014297626776713878, 0.029950087654870002, 0.013852385208290071, 0.027794511024653912, 0.064308135691192, 0.02408392343968153, 0.06310069904457778, 0.013652515985816717, 0.01896046506408602, 0.02164388366471976, 0.014115136680658906, 0.017041672014445067, 0.01360980612244457, 0.07558919754466042, 0.016315776818897575, 0.021997209973912687, 0.01459572674948722, 0.012870463739708066, 0.015192295282520354, 0.05015163339013234, 0.01340587271247059, 0.027146031245775522, 0.051624585907999426, 0.033376249857060614, 0.02531536625633016, 0.01257254880964756, 0.021242751906998456, 0.013176606171485037, 0.19095303391879426, 0.08471532015996054, 0.014858773403428494, 0.019772386578656733, 0.012524683645088226, 0.02067110242927447, 0.01229848593370989, 0.018077822025679053, 0.012626128654461354, 0.04359948748908937, 0.02278180783148855, 0.01564273421121761, 0.02864977798461914, 0.038199300659727306, 0.1476096806716174, 0.08637644769167528, 0.020811833130940795, 0.13603994953036308, 0.027983495759032667, 0.013796700434852392, 0.10546617599986494, 0.01249355678204447, 0.08355345130311326, 0.08721915939627216, 0.05214396608537063, 0.09063911036550999, 0.07234546809121967, 0.03286012368081138, 0.06938007917106151, 0.07028168715015054, 0.03027312816651538, 0.09429256198396906, 0.12142092734603212, 0.04429008819423616, 0.024309919247124345, 0.03684504736615345, 0.07564146505808458, 0.12005677571576089, 0.07072785578379408, 0.06973511054888368, 0.18466577345523982, 0.06993264435278251, 0.01150258460380137, 0.010802530145831405, 0.030507953881751745, 0.010767224144283683, 0.2222731603770517, 0.1316345655351877, 0.05168736684350297, 0.05112056841915474, 0.1500635298131965, 0.065916291009821, 0.03444858802203089, 0.1772909581810236, 0.23710470565808936, 0.19098050449574366, 0.10934840872418135, 0.07820459035942331, 0.24904630174906925, 0.24725001369547098, 0.08919732961868868, 0.12493831411516294, 0.05857919955877587, 0.2385870226261206, 0.23102765817511828, 0.0875859455788508, 0.07542507609175518, 0.2269925983807072, 0.11084728988017886, 0.15516545351929964, 0.22224112222231923, 0.03140981212053448, 0.2311989258363843, 0.2404858707102947, 0.24026121920635923, 0.12601003062659874, 0.24505723445499317, 0.23983412530459464, 0.22174567070901394, 0.24360227361675352, 0.15568718365039677, 0.2411551798385568, 0.23460653098104522, 0.24410480493111536, 0.2496427064766176, 0.16098353495243936, 0.24886403586184605, 0.14211355151738972, 0.25323300709920005, 0.2086774832336232, 0.25341568375686185, 0.25332381153274325, 0.23139037415906788, 0.2520447624198161, 0.19274645811161026, 0.25141231596721336, 0.2419545344744809, 0.19305165080111475, 0.22948310148855672, 0.25122749457713217, 0.23347353579364716, 0.25580501303803177, 0.23950918880552052, 0.2558759449392557, 0.2579864657734521, 0.23823908692197873, 0.23867946786675603, 0.2592838019626215], "NETWORK": "QNetwork(\n  (flatten): Flatten()\n  (fc1): Linear(in_features=400, out_features=80, bias=True)\n  (fc2): Linear(in_features=80, out_features=80, bias=True)\n  (fc3): Linear(in_features=80, out_features=4, bias=True)\n)", "BUFFER_SIZE": 10000, "BATCH_SIZE": 32, "GAMMA": 0.9, "TAU": 0.001, "LR": 0.0001, "UPDATE_EVERY": 4, "FREEZE_INTERVAL": 10000,