{"time": "2021-06-23_14-05-24", "last_steps": 2000000, "last_episode": 30709, "last_score": 0.7120622568093385, "scores": [-1.0, -1.0, -1.0, -1.0, 0.2727272727272727, -1.0, -0.058823529411764705, 0.03225806451612903, -0.23076923076923078, -0.6190476190476191, -1.0, -0.21212121212121213, 0.1510791366906475, -1.0, -0.5555555555555556, -1.0, -1.0, -1.0, -1.0, -1.0, -1.0, -1.0, -1.0, -1.0, -1.0, -1.0, -1.0, -1.0, -0.9452054794520548, -1.0, -1.0, -1.0, -1.0, -1.0, -1.0, -0.9766081871345029, -0.7857142857142857, -1.0, -1.0, -0.7681159420289855, -0.9759036144578314, -1.0, -0.7272727272727273, -1.0, -0.8888888888888888, 0.5, -0.8918918918918919, -0.2222222222222222, -1.0, -1.0, -1.0, 0.03225806451612903, 0.27586206896551724, -1.0, -1.0, -1.0, -0.7619047619047619, -0.2631578947368421, -0.9367088607594937, -0.9879518072289156, -0.6842105263157895, -1.0, 0.07142857142857142, -1.0, -1.0, -1.0, -1.0, -0.9354838709677419, -1.0, -1.0, -0.6065573770491803, -0.18518518518518517, -0.375, 0.053763440860215055, -1.0, 0.6363636363636364, -0.31645569620253167, -0.3722627737226277, -1.0, -1.0, -0.41935483870967744, 0.21739130434782608, -0.9819004524886877, -1.0, -0.9222614840989399, -0.9032258064516129, 0, -0.26666666666666666, -0.8850574712643678, -0.6666666666666666, -0.40540540540540543, -0.22033898305084745, -1.0, 0.27044025157232704, -0.11764705882352941, -0.958904109589041, -0.9278350515463918, -0.2318840579710145, -0.4368932038834951, -0.9421487603305785, -1.0, -1.0, -1.0, -0.25925925925925924, -1.0, -0.16666666666666666, -1.0, -0.4860335195530726, -0.9841269841269841, -0.5025906735751295, 0.5254237288135594, -1.0, -0.9371069182389937, -0.9504132231404959, -0.7696969696969697, -0.59375, -0.4838709677419355, -0.4875444839857651, -1.0, -1.0, 0.14049586776859505, -0.9534883720930233, -1.0, -0.45652173913043476, 0.4222222222222222, 0.07142857142857142, -0.7416267942583732, -1.0, -1.0, -0.11475409836065574, -0.7587939698492462, -0.33783783783783783, -0.12781954887218044, 0.047619047619047616, -1.0, -1.0, 0.0, -0.8305084745762712, -0.8862559241706162, 0.16666666666666666, -0.76, 0.5196078431372549, -1.0, 0.41496598639455784, 0.7188755020080321, -0.5655430711610487, -0.056338028169014086, -0.52, 0.11272727272727273, 0.6444444444444445, -0.15485564304461943, 0.5257731958762887, -0.26424870466321243, -0.45893719806763283, -0.9071207430340558, 0.15178571428571427, -0.9944444444444445, -0.09146341463414634, -0.6883116883116883, -0.6595744680851063, 0.5638297872340425, 0.47101449275362317, -0.16164383561643836, -0.46808510638297873, -0.4732142857142857, -0.4421364985163205, -0.5241935483870968, -0.003003003003003003, 0.2669039145907473, 0.12582781456953643, 0.35545023696682465, 0.2694063926940639, 0.5597014925373134, -0.3630952380952381, 0.49063670411985016, 0.5985130111524164, 0.42748091603053434, -0.3953488372093023, -0.208955223880597, 0.6131386861313869, -0.33783783783783783, 0.6377358490566037, 0.39325842696629215, -0.2966360856269113, 0.6254681647940075, -0.6115942028985507, -0.10674157303370786, 0.5503875968992248, 0.625, -0.07563025210084033, 0.3484848484848485, 0.5572519083969466, 0.44150943396226416, 0.7028112449799196, 0.10365853658536585, 0.6549019607843137, 0.4517374517374517, 0.5038759689922481, 0.38697318007662834, 0.7120622568093385, 0.3712374581939799], "value_est": [0.007510552301490679, -0.013014891616813839, 0.01179134768426884, 0.01439910487512825, 0.005931568150254316, 0.0003211982926362907, 0.004964392398660129, 0.004104852374326219, 0.008014410133752972, 0.01223005607589148, 0.008354936629580334, 0.011880891243857331, 0.022819141492480412, 0.007480657251784578, 0.00930968152389396, 0.007760441708494909, 0.007049251433601603, 0.008072097457875498, 0.007716251231592469, 0.010241842899506446, 0.009239196392521262, 0.009308394585130737, 0.008420572916790842, 0.00869811858641915, 0.007423452295502648, 0.008243010377325118, 0.009296579737355933, 0.008060350163001568, 0.010176952992053703, 0.008413570581329986, 0.009890505346702412, 0.008442597550246865, 0.009076471946528181, 0.009386281882412731, 0.008314148547220976, 0.010507349703274667, 0.011503561561787501, 0.00996192951328121, 0.0070035803655628115, 0.014231357681611554, 0.009823615236068145, 0.008269254887429998, 0.011338278627349064, 0.009187422327185049, 0.012306553307222202, 0.020303297512233257, 0.010325351487239823, 0.02958406368670985, 0.007801591315912083, 0.008615377820143476, 0.009339156747283413, 0.03512350557399914, 0.03727214361736551, 0.007839599154517055, 0.009176313067274167, 0.009498240415751934, 0.01333790886248462, 0.030478366059297695, 0.012580775312706828, 0.009911282917903736, 0.012834159234073012, 0.009041046715341509, 0.021894625455187635, 0.00875482371901162, 0.009427429082803428, 0.009691515859123319, 0.008446241377806292, 0.011121554500143975, 0.0075838833863846955, 0.009510802085977047, 0.020097223000554366, 0.020694768681237475, 0.015274497517291456, 0.056616012978740034, 0.00890700180567801, 0.034010044675692915, 0.03784094176152721, 0.05008603125577792, 0.010230037935078144, 0.009747515439335257, 0.01991842531245202, 0.024407086763065307, 0.013190911860298365, 0.010525639459770173, 0.018852191482204943, 0.013813431280013173, 0.012576301635801793, 0.041116927291825416, 0.014592944168299437, 0.02191610529012978, 0.043375614293199034, 0.03306347866840661, 0.009130507793370634, 0.11193352902103215, 0.10396667568045669, 0.012407408409751951, 0.016585133401257918, 0.05935136657678522, 0.04165143798883073, 0.017390025863004848, 0.008966689304541796, 0.00837471014689654, 0.009122034788690508, 0.03178077707272023, 0.009056108200643212, 0.059886107481550425, 0.008774224646575748, 0.06754830415104515, 0.010431849863007665, 0.0602107242343016, 0.10222859781542792, 0.009094368102028965, 0.015037455520033837, 0.012206066951341927, 0.03165066364407539, 0.0711868293745909, 0.05825489315642044, 0.09601775168310851, 0.008434935986623168, 0.009177382044075057, 0.07859986247466877, 0.012804078482277692, 0.008522998675052077, 0.0373084946224466, 0.0833527187794447, 0.027110639625322074, 0.038713498357031494, 0.009063441659603268, 0.007750978255691007, 0.04007895624446683, 0.03567535478700884, 0.06528994434801862, 0.07834829737539403, 0.03280222780639306, 0.009325079670827836, 0.00770357061624527, 0.03914186274148524, 0.028777257051179186, 0.022674288524501027, 0.07193183774938806, 0.023452646543178707, 0.18773514455826953, 0.008852420207485556, 0.12756796835991555, 0.2352354059544392, 0.07849709895444103, 0.08057882480043918, 0.07630172804044559, 0.21035117847849616, 0.08414868487576023, 0.19683524700454436, 0.17595231211199425, 0.19126199242128059, 0.07744176581660285, 0.027125028718449174, 0.16216127511588857, 0.009437764436937869, 0.19724689827784897, 0.039538922336883844, 0.05573609856404364, 0.17284116649199277, 0.2455707512445282, 0.20244437929224224, 0.07383709231838584, 0.07264603692106902, 0.12545282172048464, 0.08164826632421464, 0.21567064007176087, 0.23254548239829018, 0.21751797924940475, 0.16651385782333092, 0.16272760728443972, 0.2508326059047133, 0.13970718196406962, 0.24303136767228134, 0.24720296744722872, 0.23851869329041803, 0.12915966196833178, 0.1268519084893167, 0.25462598080025056, 0.1342601678644307, 0.24921747388038784, 0.24083256250349805, 0.13468218254824169, 0.25368680599005894, 0.09855624365936964, 0.21379324872670696, 0.25198725258875637, 0.2527479620608501, 0.21488954844335095, 0.2382738160148263, 0.24900016040056944, 0.2421481725981459, 0.2550889233310707, 0.2267004498563707, 0.2547057827556506, 0.24822853220114485, 0.24757441362524404, 0.24167895135441794, 0.25607045743297785, 0.24744199752919377], "NETWORK": "QNetwork(\n  (flatten): Flatten()\n  (fc1): Linear(in_features=400, out_features=80, bias=True)\n  (fc2): Linear(in_features=80, out_features=80, bias=True)\n  (fc3): Linear(in_features=80, out_features=4, bias=True)\n)", "BUFFER_SIZE": 10000, "BATCH_SIZE": 32, "GAMMA": 0.9, "TAU": 0.001, "LR": 0.0001, "UPDATE_EVERY": 4, "FREEZE_INTERVAL": 10000,