{"time": "2021-06-23_14-08-31", "last_steps": 2000000, "last_episode": 31422, "last_score": 0.4372623574144487, "scores": [-1.0, -1.0, 0, -1.0, 1.0, -0.6666666666666666, -0.25, -0.3333333333333333, -1.0, 0.0, -1.0, -0.45454545454545453, -0.8888888888888888, 0.9230769230769231, -1.0, -1.0, -0.14285714285714285, -1.0, -1.0, -1.0, -1.0, -0.85, 0.16666666666666666, -0.7894736842105263, -1.0, -0.29411764705882354, -0.5789473684210527, -1.0, -0.4222222222222222, -0.21052631578947367, -1.0, -0.8518518518518519, -0.9827586206896551, -1.0, -1.0, -1.0, -1.0, -0.941747572815534, -1.0, -1.0, -1.0, -0.3333333333333333, -1.0, -1.0, -0.9679144385026738, -0.9568965517241379, -0.9764705882352941, -1.0, -1.0, -1.0, -0.8095238095238095, -0.984, -0.8394160583941606, -1.0, -0.9047619047619048, -0.8333333333333334, -1.0, -0.9874213836477987, 0.125, -0.5, -0.8389261744966443, -1.0, -0.9658119658119658, -1.0, -1.0, -0.9090909090909091, -0.7058823529411765, -1.0, 0.37373737373737376, 0.37777777777777777, 0.25333333333333335, 0.38345864661654133, -1.0, 0.4177215189873418, 0.1864406779661017, -1.0, -1.0, -0.9315068493150684, -0.44785276073619634, -0.024630541871921183, -0.14606741573033707, -1.0, -0.40268456375838924, -1.0, -0.4375, -0.9294117647058824, -1.0, 0.054187192118226604, -0.9779005524861878, -0.16129032258064516, -0.01818181818181818, -0.31313131313131315, -0.9689922480620154, -0.987012987012987, -1.0, -1.0, -0.23076923076923078, -0.17123287671232876, -0.9657142857142857, 0.02857142857142857, -0.125, -1.0, -0.6060606060606061, -1.0, -0.028037383177570093, -0.2692307692307692, -1.0, 0.47761194029850745, -1.0, -1.0, -1.0, -0.017142857142857144, -0.9946091644204852, -0.9733333333333334, -0.8404907975460123, -0.9764705882352941, -0.475, -1.0, -0.7767857142857143, -0.7164179104477612, -0.6461538461538462, -0.9333333333333333, -0.8609625668449198, -1.0, -0.30935251798561153, -1.0, -0.9282051282051282, -0.9666666666666667, -1.0, -0.5180722891566265, -0.6923076923076923, -0.9347826086956522, -0.2459016393442623, 0.49624060150375937, 0.44649446494464945, -0.9441860465116279, -0.26359832635983266, -0.5797101449275363, -0.5609756097560976, 0.232, -0.9512195121951219, 0.0, -0.14754098360655737, 0.7254901960784313, -0.7058823529411765, -0.8117647058823529, 0.09219858156028368, 0.4266666666666667, -0.8294573643410853, -0.12, -1.0, 0.04672897196261682, -0.47783251231527096, -0.834319526627219, -0.5463917525773195, -0.993993993993994, -0.6654804270462633, -0.4010152284263959, -0.9067796610169492, -0.6170212765957447, 0.2645161290322581, -0.693950177935943, -0.03759398496240601, -0.25885558583106266, 0.3049645390070922, 0.13414634146341464, -0.7415384615384616, 0.39325842696629215, -0.6078431372549019, -0.27899686520376177, -0.012048192771084338, 0.5212355212355212, 0.08552631578947369, -0.024096385542168676, 0.6483516483516484, 0.21299638989169675, 0.24738675958188153, 0.24041811846689895, 0.20408163265306123, -0.17088607594936708, 0.37184115523465705, 0.39636363636363636, 0.4411764705882353, 0.04100946372239748, 0.5272727272727272, 0.45774647887323944, 0.32413793103448274, 0.7078651685393258, 0.2703583061889251, -0.13043478260869565, 0.15254237288135594, -0.1016949152542373, 0.6398467432950191, 0.6501901140684411, 0.3475177304964539, 0.5523465703971119, 0.42105263157894735, 0.6447876447876448, -0.08522727272727272, 0.4372623574144487, -0.05507246376811594], "value_est": [0.029242366063036023, 0.03249021652662195, 0.042510921286419034, 0.036506310073984784, 0.03385815650746226, 0.04681314902184531, 0.04440931870071217, 0.03996710006939247, 0.046582213047705594, 0.04432525299778208, 0.03785662670435268, 0.03937278757207096, 0.03857259448803961, 0.043566894756630066, 0.037302826855704185, 0.03566436953134835, 0.03967199371159077, 0.03581967040039599, 0.037197075967118146, 0.03618453403376043, 0.035998558525927364, 0.0374200652718544, 0.04918004261888564, 0.036210264709219335, 0.034387882155179975, 0.03824465647563338, 0.03552203243896365, 0.03328267726954073, 0.03919180321618915, 0.03942642557565123, 0.03244073617309332, 0.03349255739711225, 0.03202558427006006, 0.0307675696445629, 0.03111964512113482, 0.03068022927697748, 0.030143110075220466, 0.03201830631699413, 0.029865117846988143, 0.030457047685422005, 0.030435687051340938, 0.03044151805061847, 0.02910682154018432, 0.028268237315863372, 0.030724670781195163, 0.03134316168818623, 0.028799030814133583, 0.027351021723076702, 0.028042580870725215, 0.0270226834455505, 0.02791378208566457, 0.02597529727127403, 0.03250262983832508, 0.025597101450897754, 0.027153996357508002, 0.040890808480978015, 0.024656399909593164, 0.02465690698418766, 0.031783008336275814, 0.029571206961013376, 0.03447538040336221, 0.02375909685716033, 0.025915644332394003, 0.024410005830600857, 0.023998640587180854, 0.026135135382786393, 0.026886366976052522, 0.022484077362902463, 0.07734928265307099, 0.04664681230988354, 0.06274463531244547, 0.10290520581472665, 0.0214468897042796, 0.07286565859597176, 0.11615466749873013, 0.02157661345060915, 0.02078708924911916, 0.02670027662049979, 0.06058943344652653, 0.1162181677667424, 0.05907315981201827, 0.020439738255180417, 0.1006983971087262, 0.019597741125524044, 0.0524891047725454, 0.02230322987064719, 0.018866818623058498, 0.12319045686349273, 0.02052143605276942, 0.07887214112933726, 0.046364863104745746, 0.08910265562403948, 0.020201629758253695, 0.019016415488533677, 0.01710100778378546, 0.017173267292417586, 0.03709481978621334, 0.1272261404365301, 0.019314244597405196, 0.05229375451505184, 0.07247082178369164, 0.015937004202231764, 0.05583665525680408, 0.015499645227007568, 0.06348475434426218, 0.053553202122356744, 0.014853126378171147, 0.11721275714207441, 0.015395592388510704, 0.01507896192157641, 0.01569867403851822, 0.10536338234767317, 0.015613067532517016, 0.01754896259792149, 0.028415889190044254, 0.017585040931589902, 0.08188480646172538, 0.014716086053848266, 0.03985355252558365, 0.040764010952040554, 0.039297399125155064, 0.029008337140455843, 0.03169449473517016, 0.013765014278516173, 0.11879591615162789, 0.014530066638346762, 0.02087557083470747, 0.01629109491137788, 0.01360091163208708, 0.05446360194282606, 0.03569336360050365, 0.02035600567655638, 0.12097945809690282, 0.2316002945471555, 0.218887197716441, 0.020209065950196236, 0.11516257542790845, 0.045086988476850096, 0.05000157864671201, 0.09286892430577427, 0.01556282680304721, 0.08242847660547123, 0.10194836159348487, 0.24550488999765366, 0.0286955789078027, 0.02108465356938541, 0.11430667107729241, 0.2382638675827533, 0.03629788340246305, 0.14860119489235804, 0.012349708076287061, 0.2214446265645325, 0.07682293267482891, 0.02795382861336693, 0.058044668701384215, 0.012263445721752942, 0.06798288512788712, 0.0846474714010954, 0.025437915671709926, 0.06339343029288574, 0.11625388303333893, 0.06225343829179183, 0.1564698633006774, 0.19053764542238788, 0.22966801033308729, 0.2244143799379468, 0.06340052349809557, 0.2337290337397717, 0.09420330897774547, 0.14509693071683868, 0.21774735170807688, 0.24334774614470078, 0.21865978214144707, 0.21833319171117618, 0.2524981419401243, 0.23295338577302172, 0.23184506600480526, 0.2303844742147252, 0.2358205810841173, 0.14953495663246139, 0.23553695608219133, 0.2457745407938026, 0.24657208372773604, 0.225087538919691, 0.24948889469522983, 0.2506092101722956, 0.2442588259253651, 0.2579689220418222, 0.24650449774628505, 0.15810369000257923, 0.22867069246144966, 0.21950374501636252, 0.2563489768614061, 0.25543767883758994, 0.24691726440358908, 0.2540782704658806, 0.24406578848501667, 0.2583647197004408, 0.2175274025243707, 0.2468001008286141, 0.21934319564830512], "NETWORK": "QNetwork(\n  (flatten): Flatten()\n  (fc1): Linear(in_features=400, out_features=80, bias=True)\n  (fc2): Linear(in_features=80, out_features=80, bias=True)\n  (fc3): Linear(in_features=80, out_features=4, bias=True)\n)", "BUFFER_SIZE": 10000, "BATCH_SIZE": 32, "GAMMA": 0.9, "TAU": 0.001, "LR": 0.0001, "UPDATE_EVERY": 4,