{"time": "2021-06-23_14-10-47", "last_steps": 2000000, "last_episode": 31426, "last_score": 0.5138121546961326, "scores": [-1.0, -1.0, -1.0, -1.0, -1.0, -1.0, -1.0, 0.8571428571428571, -1.0, -0.3333333333333333, -1.0, -1.0, -0.59375, -0.01639344262295082, -1.0, -1.0, -1.0, -1.0, -1.0, -1.0, -1.0, -0.7142857142857143, -0.1111111111111111, -1.0, -1.0, -1.0, -1.0, -0.04, -1.0, -1.0, -1.0, -1.0, -1.0, -1.0, 0.5510204081632653, -1.0, 0.5428571428571428, -1.0, -0.8709677419354839, -0.7777777777777778, -0.96, -1.0, -1.0, -1.0, -1.0, -0.8181818181818182, -0.92, -0.95, -0.6190476190476191, -1.0, -0.7931034482758621, 0.27472527472527475, -0.6190476190476191, -0.1076923076923077, -1.0, -0.22580645161290322, -0.8113207547169812, -0.7111111111111111, -0.803921568627451, -0.8831168831168831, -0.6666666666666666, -0.9130434782608695, -1.0, -0.6571428571428571, -0.968421052631579, -0.9393939393939394, 0.16417910447761194, -1.0, -0.3611111111111111, 0.6235294117647059, -0.7307692307692307, -0.3125, -0.9848484848484849, -0.6708860759493671, -1.0, -0.8171428571428572, -1.0, -0.7565217391304347, -1.0, -0.15384615384615385, -0.3181818181818182, -0.9171597633136095, -0.9529411764705882, -1.0, -0.6417910447761194, -0.8486486486486486, -1.0, -1.0, -0.7304964539007093, -0.7665615141955836, -0.6763005780346821, -0.6, -1.0, -0.8323353293413174, -0.96875, -0.7424242424242424, -1.0, -1.0, -0.3488372093023256, -0.5771428571428572, -0.797752808988764, -0.9504950495049505, -0.4222222222222222, -0.7227722772277227, -0.40540540540540543, -0.40540540540540543, -1.0, -0.6744186046511628, 0.07407407407407407, -0.41509433962264153, -1.0, -0.3584905660377358, -0.5920398009950248, -0.328, -1.0, -1.0, -0.7454545454545455, -0.9908675799086758, -0.9841269841269841, -0.9459459459459459, -1.0, -0.35260115606936415, -0.9772079772079773, 0.44642857142857145, -0.27835051546391754, -0.6812749003984063, -0.13970588235294118, -0.3384615384615385, -1.0, -0.9563318777292577, -0.437125748502994, 0.5375, -1.0, 0.6161616161616161, 0.46285714285714286, -0.7456647398843931, -0.9795918367346939, -1.0, 0.6, -1.0, -0.8333333333333334, -0.8, -0.2920353982300885, -0.20334261838440112, -0.8016528925619835, -0.6021505376344086, -0.935064935064935, -0.9617834394904459, -0.978494623655914, -0.054945054945054944, 0.04666666666666667, 0.44061302681992337, -0.12, 0.7062146892655368, -0.9863945578231292, -0.9591836734693877, 0.07971014492753623, -0.9932659932659933, -0.01020408163265306, -0.8333333333333334, 0.28735632183908044, -0.009009009009009009, 0.688715953307393, -0.6588628762541806, -0.6313725490196078, -0.7742782152230971, 0.6568047337278107, 0.3236363636363636, 0.3174061433447099, 0.6439393939393939, 0.32575757575757575, -0.43609022556390975, -0.22259136212624583, -0.15942028985507245, 0.15555555555555556, 0.24489795918367346, -0.3515151515151515, -0.3202614379084967, 0.26108374384236455, -0.9661016949152542, 0.6833976833976834, 0.4074074074074074, 0.5971223021582733, 0.7120622568093385, 0.17491749174917492, 0.09615384615384616, -0.8292682926829268, -0.3395061728395062, 0.3584905660377358, 0.47924528301886793, -0.07344632768361582, -0.2265193370165746, 0.6168582375478927, 0.6728624535315985, 0.5017543859649123, 0.4166666666666667, 0.20701754385964913, 0.6258992805755396, 0.5361216730038023, 0.5138121546961326, 0.4749034749034749], "value_est": [0.03657405051775277, 0.019714266003482042, 0.027547945394087583, 0.03919303307577502, 0.04430259121246636, 0.03568457560669631, 0.032191924196947365, 0.04555816229094053, 0.039632463381020354, 0.04023067398611456, 0.03528967474686215, 0.035547358785569666, 0.03780768585242331, 0.04228816643562168, 0.0355396353604272, 0.03468489988502115, 0.035007051671482624, 0.03495139171853662, 0.03335937813706696, 0.032555051921494306, 0.0320077416215092, 0.03398725114762783, 0.034139412003569305, 0.032820536870136856, 0.027181339933350684, 0.031103114628791808, 0.03024138631504029, 0.035161706173047425, 0.028182695534825324, 0.02964578559435904, 0.028058522464334965, 0.028351709707081316, 0.02826879537962377, 0.028318893341347576, 0.047804297651536765, 0.02641672750413418, 0.041887965374812486, 0.026085060663148762, 0.02795498762503266, 0.028013530767522752, 0.02679205263275653, 0.025641852174140514, 0.02496350472141057, 0.0254540324697271, 0.02538752064295113, 0.027707842684909702, 0.02699476548843086, 0.027071057726442815, 0.026987963258102536, 0.023019951639138163, 0.025502181040495633, 0.06446582490596921, 0.03543930293191224, 0.04373154721874744, 0.022444231216795743, 0.030795187797956168, 0.02575587948244065, 0.03139509177226573, 0.026455546521395444, 0.02900700380653143, 0.025283686958439647, 0.025984916178137064, 0.021011143878102302, 0.02612959956731647, 0.02285900073926896, 0.022954848244413732, 0.05557394793070853, 0.01987320322059095, 0.039595634209364655, 0.07415311588253826, 0.025380298773758112, 0.04733051564358175, 0.0201063006086275, 0.03088327906988561, 0.019240884085185827, 0.03237037578113377, 0.019108826289884747, 0.03418988421522081, 0.018120844949409364, 0.029294985933788122, 0.044303032915107905, 0.024404889957048, 0.019792951528169216, 0.01817486504353583, 0.029295236161816864, 0.030850630514044314, 0.017236328632198275, 0.017643880859203636, 0.0368983587927185, 0.0542837365639396, 0.045825434978492556, 0.024217919746320694, 0.016876217286475002, 0.028341655551549046, 0.018481431737355888, 0.03297604750376195, 0.016343117853812872, 0.015797155803162606, 0.028248646781407295, 0.054489360725227746, 0.025026343628484757, 0.020226333292014897, 0.04206285572154447, 0.03087473554480821, 0.10200182876121253, 0.10305935316178948, 0.01533681546114385, 0.05236363644609228, 0.04391229953309521, 0.07808170680729672, 0.015213160530943423, 0.06709944226993247, 0.05765453771250322, 0.0588655513247475, 0.014269473383389413, 0.014120634022727608, 0.040381108978204426, 0.015390724060777575, 0.014917503373045475, 0.021566981078777463, 0.013053505406249315, 0.07697058474160731, 0.016366893891990184, 0.10097793778087943, 0.0845532495867461, 0.05847516793049872, 0.14137599567985162, 0.05867642368050292, 0.012892655063513666, 0.017417626181524246, 0.06378103080792352, 0.14146260339496658, 0.012442733407579362, 0.09654510894967243, 0.15512178914714606, 0.03995340438680723, 0.013674864773079753, 0.011886148023884744, 0.237810440742597, 0.011739773397240787, 0.019010857998020946, 0.031658396256901325, 0.06159306444646791, 0.19241246107704937, 0.02318608493460342, 0.06276941348630935, 0.022292184281442314, 0.016050434995628894, 0.014172744441311806, 0.10551849250989034, 0.20943724474422634, 0.23802185516394675, 0.07833252202281728, 0.1735302054259926, 0.012875183923821896, 0.013591005675960333, 0.20027637755079195, 0.011214358628448098, 0.12719450139384716, 0.03115010601207614, 0.14416183613715694, 0.21467473260266706, 0.246228987341281, 0.06921841555349528, 0.07096059167766944, 0.06153446508012712, 0.16637372296163813, 0.23143015608610584, 0.23694629015019164, 0.24948972462331875, 0.233109557771869, 0.10165655957828276, 0.14574022578736767, 0.12021127433208749, 0.23245378099465744, 0.1386972241842188, 0.1422842279907316, 0.14024244411624967, 0.15621865683044306, 0.015005793854780495, 0.2541032080237754, 0.24372962048365734, 0.25583713619848714, 0.2560472798498347, 0.22874374532643704, 0.23174288511676713, 0.04185004089372232, 0.14005226751826705, 0.23828563271667808, 0.24456621924065985, 0.21591970077296718, 0.19845657087694854, 0.2521441322987899, 0.25832569431308655, 0.2525848835548386, 0.2388316342270933, 0.22953779049450532, 0.2552543512404896, 0.2537594179557636, 0.17780947719840332, 0.24881687381546944], "NETWORK": "QNetwork(\n  (flatten): Flatten()\n  (fc1): Linear(in_features=400, out_features=80, bias=True)\n  (fc2): Linear(in_features=80, out_features=80, bias=True)\n  (fc3): Linear(in_features=80, out_features=4, bias=True)\n)", "BUFFER_SIZE": 10000, "BATCH_SIZE": 32, "GAMMA": 0.9, "TAU": 0.001, "LR": 0.0001, "UPDATE_EVERY": 4, "FREEZE_INTERVAL": 10000,