{"time": "2021-06-23_13-59-17", "last_steps": 2000000, "last_episode": 30849, "last_score": 0.5632183908045977, "scores": [-1.0, -1.0, -1.0, -0.5, -0.6, -1.0, -1.0, -1.0, -0.3333333333333333, -0.14893617021276595, 1.0, -1.0, -0.7272727272727273, -0.2727272727272727, -1.0, -1.0, -1.0, -1.0, -1.0, -1.0, -0.6923076923076923, -1.0, -1.0, -0.6590909090909091, -0.07407407407407407, 0.7714285714285715, -0.8518518518518519, -1.0, -1.0, -1.0, -1.0, -1.0, -0.696969696969697, -1.0, -0.42105263157894735, 0.23076923076923078, -1.0, -1.0, -1.0, 0.1044776119402985, -1.0, -1.0, -0.9076923076923077, -0.6, -1.0, -0.42857142857142855, 0.2839506172839506, -0.9642857142857143, -0.08333333333333333, -1.0, -0.9814814814814815, -0.5555555555555556, -1.0, -1.0, -1.0, -1.0, -0.32653061224489793, -0.8695652173913043, -1.0, -1.0, -0.8032786885245902, -1.0, -0.7647058823529411, -1.0, -1.0, -1.0, -1.0, -1.0, 0.4090909090909091, -0.6763005780346821, -0.6, -0.19838056680161945, -0.9056603773584906, -0.52, -0.6363636363636364, 0.41818181818181815, -0.8, -1.0, -1.0, -1.0, -0.9911504424778761, -0.9759036144578314, -0.983739837398374, 0.627906976744186, -1.0, -1.0, -0.813953488372093, -0.5480769230769231, -0.5507246376811594, -1.0, -0.16842105263157894, -0.423728813559322, -1.0, -1.0, -1.0, -0.21666666666666667, 0.0, -1.0, -1.0, -0.924812030075188, -0.9831932773109243, -1.0, -0.9862068965517241, 0.09433962264150944, 0.31958762886597936, -0.8651685393258427, -0.8827586206896552, -1.0, -0.7681159420289855, -1.0, 0.5274261603375527, -0.8461538461538461, -1.0, -1.0, -1.0, -1.0, -0.9368421052631579, -0.3263157894736842, -0.9101123595505618, 0.21212121212121213, 0.323943661971831, 0.3504273504273504, -0.5755627009646302, -0.7314814814814815, -0.21621621621621623, -0.5902439024390244, -0.9814814814814815, -0.25, 0.4666666666666667, 0.1968503937007874, -0.5238095238095238, -0.28859060402684567, 0.5, -0.27102803738317754, -0.9937304075235109, -0.9847328244274809, -0.4492753623188406, -0.3972602739726027, -0.48743718592964824, -0.635593220338983, 0.33587786259541985, -0.8291457286432161, -0.4628975265017668, -0.3840304182509506, -0.19626168224299065, 0.4696969696969697, -0.8059701492537313, -1.0, -0.952, -0.6190476190476191, -0.9917355371900827, -0.15126050420168066, -0.8709677419354839, -0.6477272727272727, -0.08928571428571429, -0.6397058823529411, -0.025380710659898477, 0.44525547445255476, 0.43703703703703706, -1.0, -0.625, 0.4, -0.17647058823529413, -0.27058823529411763, -0.19576719576719576, 0.6833976833976834, 0.5808823529411765, -0.459915611814346, -0.4591194968553459, -0.9733333333333334, 0.27941176470588236, -0.4068441064638783, 0.4200743494423792, -0.44072948328267475, -0.2179930795847751, -0.5092936802973977, -0.08852459016393442, 0.2920962199312715, -0.9540229885057471, 0.4188679245283019, 0.12413793103448276, -0.23778501628664495, 0.4393939393939394, -0.39184952978056425, 0.49049429657794674, 0.2867647058823529, 0.33574007220216606, 0.45787545787545786, 0.4982078853046595, 0.5984848484848485, 0.5719844357976653, 0.31899641577060933, 0.7424242424242424, 0.37037037037037035, 0.35361216730038025, 0.5507246376811594, 0.3333333333333333, 0.7509727626459144, 0.43661971830985913, 0.5632183908045977, 0.2708333333333333], "value_est": [0.05148391657955945, 0.038210916459650614, 0.05430421344966162, 0.05984034360349178, 0.05708322253897786, 0.05345267193187028, 0.05500581566542387, 0.051579531451314685, 0.04985533245913684, 0.059546197324059906, 0.05119106451049447, 0.05027631938941777, 0.05120095219612122, 0.05098207744136453, 0.04670406182706356, 0.048040043585561215, 0.04799528144299984, 0.046677847236394884, 0.04576416592895985, 0.046963304709643126, 0.046462471379712225, 0.0429698534168303, 0.04325223260037601, 0.049576837078481914, 0.052397758604958655, 0.05434024351686239, 0.0435355225097388, 0.04152478215172887, 0.0401667632419616, 0.0412863761600107, 0.03823208636008203, 0.03953788144588471, 0.041530338453501466, 0.03917466417588294, 0.04335417611040175, 0.08128935035169124, 0.03615185722857714, 0.035788580967485904, 0.036049875397607685, 0.0577753224555403, 0.034584283539280294, 0.03429230660907924, 0.03598146840408444, 0.03457656137868762, 0.0330412212703377, 0.046863613770343364, 0.06753000526763499, 0.033610415098629894, 0.04698367534633726, 0.03159989859107882, 0.032448392730765045, 0.03738463712539524, 0.03037204440571368, 0.029971573159098625, 0.030508696507662535, 0.028986456424370408, 0.05428228686768562, 0.0349477967903018, 0.02908369589932263, 0.02785576926562935, 0.03446415533479303, 0.027219508997909724, 0.028286521822959185, 0.025575243882089854, 0.02648667886350304, 0.02534642525687814, 0.026298371664062143, 0.02532028882112354, 0.04922171445824206, 0.046044039364531636, 0.03069575579687953, 0.10847357958592474, 0.028980648846924306, 0.06148855312187224, 0.03105038825981319, 0.059427748543582855, 0.027762876031175256, 0.02175842276737094, 0.023848259884119035, 0.022701027932949366, 0.02292127424236387, 0.023373336113430558, 0.022599182005412877, 0.08607976934891194, 0.02192136040069163, 0.021537662108428775, 0.030350859546661377, 0.06325213459599763, 0.04776617441531271, 0.0216572456760332, 0.09493709932956844, 0.05694687008541077, 0.021023941324092448, 0.020734942716546356, 0.020497437199577688, 0.06850502567589282, 0.027893911931850018, 0.02123277229387313, 0.019852375461161136, 0.024591382635571063, 0.022249068465083836, 0.019169670520722867, 0.021046587708592416, 0.04604453859962523, 0.08134398387838156, 0.027020205742679538, 0.03463648313842714, 0.018793434922769664, 0.033826275917887685, 0.017711269790120422, 0.2004042426874861, 0.022259846025705337, 0.01757284187488258, 0.016775727089494468, 0.016791184833459556, 0.017565130649507047, 0.026106766485143453, 0.050530500751640645, 0.020484012222010642, 0.08557561878180131, 0.07103922267556191, 0.18763069557193668, 0.09371934403572231, 0.04881700415182859, 0.10586284443726764, 0.06168380893040448, 0.0163665137572214, 0.07089026234857738, 0.0937716874233447, 0.18438193353349344, 0.06941685263235121, 0.07389713050853461, 0.04345380158256739, 0.10717485537836328, 0.015908435729984193, 0.015236505652125925, 0.08298985643032938, 0.0889886188893579, 0.06924836948234588, 0.06758940048227087, 0.22089491685749962, 0.033924424606375396, 0.09446940810233355, 0.10923810800164938, 0.11560638875933364, 0.2414427926901728, 0.029571713847573847, 0.014516396099049598, 0.019863505438249558, 0.0519543787942268, 0.014738556969165801, 0.1329948493849486, 0.021814226906094702, 0.04821781937014311, 0.19378692258223892, 0.07886696166116744, 0.11931156367212534, 0.12848115194495768, 0.2421178524360992, 0.012631855202000589, 0.05926875787042081, 0.2395605968013406, 0.14183620798047633, 0.08919186086338013, 0.09203321620607749, 0.24724779897909613, 0.24749820702755823, 0.08591472844230011, 0.11975503293741495, 0.01796548227565363, 0.23638718143710866, 0.11373355906177313, 0.24180524197174236, 0.11770197363961488, 0.1507664491810836, 0.09209348028358072, 0.1604286109045148, 0.24083566563166678, 0.022077151223178954, 0.2356262263246812, 0.22367115484690295, 0.15415798897920177, 0.24544034960325808, 0.13611296768411993, 0.24222639400754123, 0.2351628624497913, 0.2387291724680923, 0.24785005244174974, 0.24918196429405362, 0.2507295381789096, 0.2491215153911151, 0.2419256662326865, 0.2587628398720175, 0.24418288946673275, 0.23529993370380253, 0.254394386767596, 0.23971700589088724, 0.25881485771844165, 0.2526573665793054, 0.2502257166144438, 0.23763286240641027], "NETWORK": "QNetwork(\n  (flatten): Flatten()\n  (fc1): Linear(in_features=400, out_features=80, bias=True)\n  (fc2): Linear(in_features=80, out_features=80, bias=True)\n  (fc3): Linear(in_features=80, out_features=4, bias=True)\n)", "BUFFER_SIZE": 10000, "BATCH_SIZE": 32, "GAMMA": 0.9, "TAU": 0.001, "LR": 0.0001, "UPDATE_EVERY": 4, "FREEZE_INTERVAL": 10000, "LAST_STEP_DECREASING_EPS": 10000, "N_STEP_EVAL": 10000}