{"time": "2021-06-23_22-36-57", "last_steps": 2000000, "last_episode": 21846, "last_score": 0.32710280373831774, "scores": [-1.0, -1.0, -1.0, -1.0, 0.1111111111111111, -1.0, -0.8490566037735849, -1.0, -1.0, -1.0, -1.0, -1.0, -1.0, -1.0, -1.0, -1.0, 0, -1.0, -1.0, -0.006289308176100629, -1.0, -1.0, -1.0, -1.0, -0.45454545454545453, -0.9466666666666667, -0.7297297297297297, -0.28, -0.17647058823529413, -1.0, -0.9439252336448598, -1.0, -1.0, -1.0, -0.4864864864864865, -0.5454545454545454, -0.9821428571428571, 0.40540540540540543, -1.0, -1.0, -0.9493670886075949, -1.0, -1.0, -0.8032786885245902, 1.0, -0.8947368421052632, -1.0, -0.864406779661017, -1.0, -1.0, -0.46875, -1.0, -1.0, -1.0, -0.9117647058823529, -1.0, -0.22033898305084745, -0.8208955223880597, -0.8181818181818182, 0.4117647058823529, -1.0, -0.5625, -0.8356164383561644, -0.3815789473684211, -1.0, -0.13580246913580246, -0.375, -0.1724137931034483, -0.18, -1.0, -1.0, -1.0, -0.7647058823529411, -0.7215189873417721, -0.9811320754716981, -1.0, -0.9661016949152542, 0.0, -0.9365079365079365, -1.0, -0.09090909090909091, -1.0, -1.0, 0.4666666666666667, -1.0, -1.0, -1.0, -0.9666666666666667, -1.0, -0.25925925925925924, -0.6956521739130435, -0.9340659340659341, -1.0, -0.7948717948717948, -1.0, -0.9875, -1.0, -0.2727272727272727, 0.41818181818181815, -0.631578947368421, -0.7333333333333333, -1.0, -0.7454545454545455, -0.9259259259259259, -0.9459459459459459, -0.4725274725274725, -1.0, 0.7021276595744681, -1.0, -1.0, -0.08, -1.0, -0.974025974025974, -1.0, -1.0, -0.2222222222222222, 0.06772908366533864, -0.6792452830188679, -0.7395833333333334, -0.41284403669724773, -1.0, -0.42857142857142855, -0.45985401459854014, -0.6179775280898876, -1.0, -1.0, 0.1875, -1.0, -1.0, 0.36054421768707484, -1.0, -0.9428571428571428, 0.15463917525773196, -0.75, -0.9310344827586207, -0.9393939393939394, -1.0, -1.0, -1.0, -1.0, -0.6447368421052632, -1.0, 0.44785276073619634, -1.0, -0.8333333333333334, -0.9504132231404959, -0.2736318407960199, 0.09090909090909091, 0.17721518987341772, -0.34831460674157305, -0.34523809523809523, -0.8814814814814815, -1.0, 0.41414141414141414, -0.8899082568807339, -1.0, 0.7037037037037037, -0.5330396475770925, -1.0, -0.9787234042553191, 0.4805194805194805, 0.02158273381294964, 0.29545454545454547, -0.8372093023255814, -0.5294117647058824, -0.9798657718120806, -0.9245283018867925, -1.0, -0.5737704918032787, -0.19863013698630136, 0.2033898305084746, 0.4253731343283582, -0.9555555555555556, -0.5490196078431373, -0.8823529411764706, 0.40540540540540543, -1.0, -0.1746031746031746, 0.4375, -0.9016393442622951, 0.3389830508474576, -0.4166666666666667, -0.0954356846473029, -0.9937694704049844, -0.024154589371980676, -0.2948717948717949, -1.0, -0.43661971830985913, -0.9209039548022598, -0.6923076923076923, -1.0, -0.6833333333333333, -0.21739130434782608, -0.9880952380952381, 0.3125, -0.9490445859872612, -0.7777777777777778, -1.0, -0.175, 0.32710280373831774, 0.10382513661202186], "value_est": [0.02919113493449986, 0.02083454317720607, 0.02998022880665958, 0.029758339033275842, 0.02676921405084431, 0.023919310900382698, 0.026357295756787063, 0.025812324652262034, 0.02706509745642543, 0.025855459795240312, 0.029553362003993243, 0.030321067324001343, 0.02921216309349984, 0.02379827648624778, 0.026741911145765334, 0.026807094068452716, 0.025413952638395132, 0.025093334409408273, 0.025172290143743156, 0.04027842220775783, 0.024351718633808195, 0.02443932898230851, 0.024811469473131002, 0.024293655848689377, 0.027714629392325878, 0.024552556902728975, 0.026052707178518177, 0.02932480832338333, 0.025908246760442854, 0.023501365258544682, 0.023731945924274623, 0.022454322000406684, 0.0215133766701445, 0.02052813628744334, 0.029811081556417048, 0.024442440319806337, 0.022073997558653354, 0.04051766499634832, 0.021703987428732217, 0.020348344592377544, 0.02231285767182708, 0.019611075705848635, 0.020734043946117164, 0.025828204130753873, 0.022034674240089952, 0.021020289356447758, 0.020122545786388217, 0.021927939804084598, 0.02011691895984113, 0.01975560208298266, 0.029595605254359544, 0.01902961487453431, 0.01917646619323641, 0.018873356211557984, 0.023129797568917275, 0.0187891494885087, 0.032727512665465475, 0.021509364567138256, 0.01990587750840932, 0.03838579276204109, 0.018131002462282778, 0.027026110471971333, 0.021825827797316014, 0.04570080099385232, 0.017574479644559323, 0.040069510959554466, 0.020855032069329173, 0.024770178631786256, 0.043532666482497005, 0.017730852973088622, 0.016702127375546844, 0.017023447848763317, 0.01992436473425478, 0.023537634781002997, 0.01721427934942767, 0.01567941635400057, 0.016495008130837232, 0.030219705867860467, 0.017323886589426546, 0.015729580182489006, 0.022688004558719693, 0.015447055484727025, 0.014940373457502574, 0.022269507388025522, 0.015347243230696767, 0.014632454997021704, 0.01496966764824465, 0.01615497570829466, 0.014361302443686873, 0.022671978891640902, 0.02587722076708451, 0.01619876665007323, 0.01430742160351947, 0.025175844078883527, 0.013997945878840982, 0.014745449189096689, 0.013855960064381362, 0.01718238044651225, 0.044934780103713275, 0.021178136289678514, 0.01901180551107973, 0.01222987018050626, 0.019941579874698072, 0.014740620455238967, 0.01369937178120017, 0.03333389050299302, 0.012811400430370122, 0.045874966115690766, 0.013303489263914526, 0.012673277619760483, 0.059848211201187225, 0.012765844583977014, 0.014214402761030942, 0.012799233643058688, 0.012607121408171952, 0.018814969009533524, 0.1438212935976684, 0.03033413474112749, 0.03607827712595463, 0.04339299791529775, 0.011828283795900642, 0.05419809213308618, 0.050174497377779334, 0.04387717233859002, 0.011641352231241762, 0.011373483136110007, 0.05056457698894665, 0.011274319303315133, 0.011283973439410329, 0.1154092917656526, 0.011113366596773267, 0.014424371854122727, 0.12839046366466209, 0.018741091354098172, 0.014204915873333812, 0.013121042360085993, 0.010367844889778644, 0.010162548538763076, 0.010113572625722735, 0.010239746677037328, 0.04076274174246937, 0.010057191602606326, 0.13026591564984993, 0.009980133999418467, 0.02405516701992601, 0.01290162257887423, 0.08666102274879814, 0.01581235265303403, 0.1066246418257244, 0.03737419356741011, 0.06896525182854384, 0.01879330897843465, 0.008752637288998812, 0.0749261463817209, 0.02238315361700952, 0.00893199436115101, 0.055301959292124954, 0.06406276964088901, 0.009304835684224964, 0.011200636770110578, 0.07295653182910755, 0.08651435569748282, 0.0713506275255233, 0.01806016803663224, 0.02711888571763411, 0.012522011010255664, 0.011123465081490575, 0.008669606182631105, 0.05530442845635116, 0.14041446304311975, 0.08831834502480924, 0.2237405602341518, 0.014866152277775109, 0.06385614660358988, 0.010886000245530159, 0.06495954413414001, 0.008982740295212717, 0.15946369805792346, 0.06184407023079693, 0.015491852725483478, 0.09786384607469663, 0.05234462670544163, 0.12574402207955718, 0.011004022800736129, 0.13310041607487946, 0.07627831323267892, 0.00937878327779472, 0.07525272563723848, 0.015879049572907387, 0.021035362483002244, 0.008870871506351978, 0.05500199988763779, 0.17242484588120133, 0.009750033997371793, 0.22533585717054083, 0.012823932117968798, 0.026523243522131815, 0.008785554493730887, 0.047231587832793596, 0.16457282655863092, 0.1285389365608804], "NETWORK": "QNetwork(\n  (flatten): Flatten()\n  (fc1): Linear(in_features=400, out_features=80, bias=True)\n  (fc2): Linear(in_features=80, out_features=80, bias=True)\n  (fc3): Linear(in_features=80, out_features=4, bias=True)\n)", "BUFFER_SIZE": 10000, "BATCH_SIZE": 32, "GAMMA": 0.9, "TAU": 0.001, "LR": 0.0001, "UPDATE_EVERY": 4, "FREEZE_INTERVAL": 10000, "LAST_STEP_DECREASING_EPS": 10000, "N_STEP_EVAL": 10000}