{"time": "2021-06-23_23-50-13", "last_steps": 440000, "last_episode": 3606, "last_score": 0.3333333333333333, "scores": [-1.0, -1.0, -1.0, -0.7391304347826086, -0.8666666666666667, -0.23076923076923078, -0.18181818181818182, 0.5, -1.0, -1.0, -1.0, -1.0, -1.0, -1.0, -1.0, -1.0, -1.0, -1.0, -0.9666666666666667, -1.0, -1.0, -1.0, -1.0, -1.0, -1.0, -1.0, -1.0, -0.25925925925925924, -1.0, -0.5774647887323944, -1.0, -1.0, -0.9775280898876404, -0.9302325581395349, -0.9411764705882353, 0.6491228070175439, -1.0, -1.0, -0.7681159420289855, -0.3333333333333333, -1.0, -1.0, -0.9173553719008265, 0.3333333333333333, -0.8181818181818182], "value_est": [0.016645694988407195, 0.016129698475450278, 0.023431365844607352, 0.017736016383394598, 0.012487525670722243, 0.015751942239538765, 0.01938962855716236, 0.013997348207002505, 0.013076784608140588, 0.014626101065642433, 0.01900858813561499, 0.019683041876275092, 0.016802772524859757, 0.02022983131874353, 0.01648202538769692, 0.018306601599697023, 0.0170486117743887, 0.01658231770666316, 0.016309713724721224, 0.01671855166442692, 0.016321139286924153, 0.017086447126697747, 0.015781977780815214, 0.016346608787216246, 0.016047237205132844, 0.016043335653748363, 0.01659109863480553, 0.0212155748359859, 0.0155721554226242, 0.019897708818688988, 0.015874615374021232, 0.016169604339171202, 0.016294330760464073, 0.01672773113027215, 0.015497512969747185, 0.03310605670725927, 0.015262399329617619, 0.015539912791922688, 0.01878748331433162, 0.019931364781595767, 0.014847395264077932, 0.015686874560359866, 0.016782791594509034, 0.03554948089215904, 0.016537636995688082], "NETWORK": "QNetwork(\n  (flatten): Flatten()\n  (fc1): Linear(in_features=400, out_features=80, bias=True)\n  (fc2): Linear(in_features=80, out_features=80, bias=True)\n  (fc3): Linear(in_features=80, out_features=4, bias=True)\n)", "BUFFER_SIZE": 10000, "BATCH_SIZE": 32, "GAMMA": 0.9, "TAU": 0.001, "LR": 0.0001, "UPDATE_EVERY": 4, "FREEZE_INTERVAL": 10000, "LAST_STEP_DECREASING_EPS": 10000, "N_STEP_EVAL": 10000}