{"time": "2021-06-23_23-49-54", "last_steps": 440000, "last_episode": 2366, "last_score": -1.0, "scores": [-1.0, -1.0, -0.42857142857142855, -1.0, -1.0, -1.0, -1.0, -1.0, -1.0, 0.6666666666666666, -1.0, -1.0, -0.14285714285714285, 0.2, -1.0, 0.3333333333333333, 0.1111111111111111, -0.6901408450704225, -0.8723404255319149, -0.9436619718309859, -1.0, -0.15789473684210525, -1.0, -1.0, -1.0, -1.0, -1.0, -1.0, 0.6153846153846154, 0.574468085106383, -1.0, -0.36, -1.0, -1.0, -1.0, -1.0, -1.0, -1.0, -1.0, -1.0, -0.9797979797979798, -1.0, -1.0, -1.0, -1.0], "value_est": [0.03018455515485257, 0.012412933582114056, 0.02498928368841298, 0.033692045655031685, 0.036423115080106074, 0.02350970494050998, 0.024623584825347645, 0.020938446150370875, 0.015769968423483077, 0.022792676376970484, 0.023103515869844705, 0.02502437945124693, 0.023830764304229524, 0.024750091678695754, 0.021465781996236184, 0.023498512919608038, 0.02765739823607728, 0.02538364046169445, 0.02329457741929218, 0.022384621049836278, 0.021361620833911, 0.02327231155382469, 0.020552872394025326, 0.01902367505794391, 0.022185250401403754, 0.022238595477864147, 0.020378041852451862, 0.019289971310365944, 0.026833814625255765, 0.03125119192795828, 0.021126868603378535, 0.02315747157363221, 0.02034428351446986, 0.019338685957621782, 0.01923139362037182, 0.01901311436491087, 0.01907229948155582, 0.019807851672451943, 0.0190419452608563, 0.017541684066317977, 0.018298102580476552, 0.019266877341270448, 0.016753798877075315, 0.018182965586334466, 0.01784266568124294], "NETWORK": "QNetwork(\n  (flatten): Flatten()\n  (fc1): Linear(in_features=400, out_features=80, bias=True)\n  (fc2): Linear(in_features=80, out_features=80, bias=True)\n  (fc3): Linear(in_features=80, out_features=4, bias=True)\n)", "BUFFER_SIZE": 10000, "BATCH_SIZE": 32, "GAMMA": 0.9, "TAU": 0.001, "LR": 0.0001, "UPDATE_EVERY": 4, "FREEZE_INTERVAL": 10000, "LAST_STEP_DECREASING_EPS": 10000, "N_STEP_EVAL": 10000}