{"time": "2021-06-17_19-46-42", "last_episode": 10, "last_score": -109.49078529394458, "scores": [-218.0186027640666, -175.91624888012757, -205.83706081049917, -118.02796917835805, -322.52261762938264, -110.73751876102767, -80.4092403684308, -272.11020554987175, -89.65080729139743, -109.49078529394458]}