{"time": "2021-06-17_19-46-31", "last_episode": 10, "last_score": -170.2302763402251, "scores": [-119.09630409110842, -314.7754682635155, -180.72082611637353, -171.82188681585757, -215.81038315038717, -80.74335135637638, 13.973457768911516, -156.1344662719963, -249.0811434048896, -170.2302763402251]}