{"time": "2021-06-24_06-40-07", "last_steps": 2000000, "last_episode": 4574, "last_score": -94.7022040097209, "scores": [-99.97434896562781, -90.68118481598619, -100.07812958765757, -99.99280259453464, -99.97689704227176, -99.98876426433327, -99.99960792625292, -99.99495696215223, -99.87499294432301, -172.57739584796062, -99.3206284783749, -100.10699350043738, -100.01056902012208, -100.04070660501262, -0.13357896626772608, -88.31665450327344, -0.07838370963542377, -100.14082796409058, -100.11267840605483, 1.386646808384529, -99.8904392172455, 10.34111747304082, 10.982033118926298, -36.47784054430112, -99.91755675730604, 79.28641449758494, -100.09067235856442, -100.3726144461303, -100.00723828445764, 4.106017970082087, -100.06292197513359, -100.02452736019853, 46.63279064626501, -99.87314098574063, 15.14860353506447, 69.93652046956983, 13.281303428191656, 4.427493940240983, 18.0480783833221, 15.699122993119614, 9.64760375484806, -99.92104298131989, 11.285998485100853, -99.91554625782707, -100.06056016494031, -99.98271976293366, 11.567187378448999, -91.98335482454124, 3.7201582697046844, -99.87245467271022, -99.96950940387013, -94.86777081576774, -99.87652901283334, -88.53700802548484, 17.732755045381158, 23.232813223005568, 17.543944788248165, -84.03799973913425, -85.49913761613264, -99.84793693032273, -80.86055846236226, -80.9946055697614, 10.454043282227518, -80.45801465477976, -5.429739709843625, -81.96396090105272, -89.81239185789865, -88.89103360238596, -39.417158862602925, -0.048711648756684545, -95.73893702306249, -96.35235667736879, 1.5033701700261863, -100.5656021228509, -97.38003273889187, 0.5336459479751244, -95.67923441373672, -95.6649867298904, -3.934334949938927, -96.83288863499682, -91.1217707504379, -99.9894362198049, -97.80913660473335, -93.95963338300203, -96.7299372775779, -84.75032392381104, -95.43038051437904, 10.551872796691578, -94.3678953235893, -0.6507715884306811, -100.00497319523039, 2.004796530349116, -0.09374511764053699, -50.620471675641326, -0.04071866861739952, -0.0697980840806641, -25.665289325743903, 0.6658773672188272, 0.7503187832966982, 0.24462720233851573, -0.7776234400139678, -96.2288515560611, -0.055289462286048904, 7.772218367726947, -95.55939250977791, 23.469006376208185, -95.76442357581575, -98.05951293937173, 1.1836270657714012, -49.605007832031, -100.00968767662545, 1.1858532871918772, 8.85505817018925, 11.208584131101658, -101.00608126740214, 2.640858878373024, 0.03849491799013957, 7.923481177196684, 0.06530348303882091, -72.56046837838952, -100.02765564752347, 5.197258800407198, -0.3974218281629992, 0.09025242582177749, 0.1720346641657083, -96.82797247166378, -101.08460593749926, -41.54336377619756, 7.88814858821579, 2.3198991014833097, 1.4776873008191294, -66.69904047906836, 0.18989195177867102, -100.20096957933053, 0.6653838991924386, -64.74066962101722, 11.883864617826326, -99.9802099173072, 1.4370092182445475, 3.3153104443139694, -100.0326619192273, 2.5232349983047198, 0.7022168900918448, 2.1382638174787343, 5.868696593437877, 3.1299804413194647, -99.36081575486183, -0.11167686820408042, 2.2209210078265142, -95.8936179529287, -100.18852773369106, 4.703889884176462, -0.08327565458809597, 6.968718196809486, 11.492730183860665, 9.253837395823952, 2.6869751535858297, -0.1581037519626051, 4.611207550972086, -77.29485454351267, 2.6271346711849843, -99.97964405664257, 1.6212931567941742, -0.1099622985858824, 0.6498624858438734, 3.090904408882037, -0.08264950327656961, -82.12279871411691, -87.38450728430982, -102.85644521724255, -100.02468687119097, 8.233587692893316, -95.9442006495905, 1.8992789052452055, 0.8537535958547088, 2.029911365113564, 28.72863859929262, 6.587310354613014, -100.01732918439284, 1.5315243735269373, -92.36263146909415, -100.08666236741176, 4.545627963773528, -100.12893333636386, -100.00486304414613, 5.846189626491674, -0.13444543248803692, 3.4088374297806348, 5.676226418312897, 8.416391135606343, 28.009940169198643, -100.00217679224616, -50.194849161568655, -100.04417060183381, 1.8982128822803728, 2.7495733046372406, 0.9408619922162416, -0.07416891626033369, 1.6016740338929503, -94.7022040097209, -94.36432562808805],