{"time": "2021-06-24_06-47-07", "last_steps": 2000000, "last_episode": 3593, "last_score": -95.31347384976843, "scores": [-99.97369695654457, -99.96762149080328, -91.12272134412817, -99.93937643052026, -100.10362773077715, -93.27981098507767, -99.98262886828446, -100.30205570749696, -91.56482384859265, -99.93427720578798, -92.98754788551463, -100.01483681304964, -99.66760194257559, -100.10209976621022, -24.462095287481016, -0.19497129117049103, -100.06352349393025, -100.1632276113734, -100.10585653183239, 4.40544674542643, 32.399189192850905, -68.1781290344612, -99.91520669763595, -100.0755640345616, 29.82911344711233, 3.6541810809493365, -99.95790876121382, -74.86912515883331, -99.93571188699745, -100.13738307686714, -65.14577593026758, -100.1043781703825, -95.53072086701096, 8.99466424306223, 10.423935398199333, 79.64160987279614, -99.93374802413814, -86.30657902695256, -0.08740800653970983, -0.016320423643789998, -8.482097202294353, 5.748237024393161, -87.31799879681203, 4.688918923859012, -99.99821880599866, -99.88107227665098, 1.1130940600397632, 25.190230383750084, -100.06995530296555, -65.02520436031834, 80.79041303735752, -51.16388577242373, -16.790769612399473, -99.93090900011205, 1.6159635329578763, 10.414385882452384, -71.77536289357383, 7.194416976071304, -90.22755405159755, -85.34461733653387, -55.23738697820553, -86.41624454385914, -0.09723937681786611, -31.33074918417776, -93.0478258351091, -94.15569437517884, -93.13692395175686, -93.1713261418537, -93.38822081340349, -96.18922471246314, -90.21473446944673, -94.96997776988466, -94.3711102369946, -97.70248234937893, -93.27603036835617, -86.21038787316297, -92.5191333274391, -90.00875842818995, -91.96655371254008, -89.19227888838384, -71.63665198743112, -84.48863916119915, -92.02618660460827, -91.03121820020874, -3.097795886685217, -100.00769808229927, -87.89866626790396, -84.43492135370957, -90.60209527526737, -100.0, -88.26091023345333, -91.97481589964629, -67.38949230773883, -100.00285174953977, -88.27805204017189, -81.2636926340129, -92.89038872519517, -90.05495012993383, -93.67720028136407, -92.43531830147953, -94.78453733400399, -94.00436219791544, -6.474251706045842, -93.82682740451557, -0.10637996531777968, -94.29371402144243, -87.47257113421897, -90.72200368723863, -100.08924948468378, -96.50260430906555, -88.05965612685688, -88.37139250152768, -85.73212270251203, -93.11661628299505, -7.522736178050817, -76.1399143995769, -100.10686361985809, -89.45125979527052, -96.35837012190483, -96.6632049808618, 0.3291081516173293, -97.17654939156489, -88.76316464490647, -57.64276228391882, -95.5642900290715, -69.38754045040666, -91.18581991867609, -91.38195408380933, -0.06578573983212029, -95.93620287767492, -0.0913986048612503, -94.9208827540488, -88.38241921068462, -96.5752948806973, -0.06643911664131512, -65.17961231081007, -0.17998719942876576, -96.24275449332212, -4.9420046875600185, 0.40407533345347546, -0.10093619089664996, -94.2071198352481, -97.01338085869774, -94.995051531097, -0.7144609350014254, -77.19342472923664, -95.63547877590646, -94.95683667740927, -0.07369742809197195, -43.220641434689966, -98.10769128986658, -0.10774766122072348, -88.88385065922093, -89.22668907383844, -96.90903532311167, -96.42446590460854, 66.80449234902602, 0.45655900169155705, -0.07554837629026424, -96.59242436292891, -0.226227397446963, -87.80109167401315, 1.5960201807510863, 0.57132327868395, -0.1376519468216875, -92.75523563093064, 5.432172279088707, -0.090453238242158, -0.18136469022597862, -0.09473529137559716, -0.6140352423354057, -0.3257905466852675, -0.12746469814959976, -99.9846634116757, -0.04553350683434379, -0.07225965577920059, -0.2577935586970718, -0.09801176162175422, -89.4961335078976, -0.4126174053454185, 1.2067567305523623, -37.75306257224286, -0.25195147227051323, -0.210003385730761, -96.16723698447781, 0.03972624450573888, 65.03710342127823, -0.023285634385104836, 0.1884676448614075, -0.13707794690957895, -95.51338789442053, 3.3417243878756815, 3.0089157208925448, 0.4533935873379993, -0.1270093354269057, 33.243112379643506, -0.21200825812132212, -79.1173225880892, -1.1151526523255684, -95.31347384976843, -93.81298507261023],