{"time": "2021-06-24_06-45-08", "last_steps": 2000000, "last_episode": 3834, "last_score": 5.276591434203301, "scores": [-100.0646087364415, -100.0296362572995, -100.00050054162782, -99.97065717709812, -99.99943585723801, -99.99174008228069, -99.92010484133003, -99.96515830119544, -100.07159410830143, -99.95828123642022, -0.12300122676446965, -99.96529828299926, -0.32758576934340317, -100.09787111845112, -0.1192064578561423, -100.21489047189424, -0.0658541700543525, -103.04564178254003, -99.92420112902695, -22.675093857780954, 1.137614350064555, -11.44086066357855, 5.987286087711323, 8.835666388930186, -100.18315741802132, 10.876917394686737, -87.68778390603094, 86.71296970174944, -86.72861772368265, 5.906819434009559, -100.11130414387016, 5.495985051599766, -100.06490717907162, 0.33760443193199186, -99.8729391193279, -0.08307513273176689, -90.21565178092312, -38.952582348585736, -67.84487930139817, 44.856878814828534, -62.49509965723766, -99.98888602777701, -90.27813389123702, -83.10825523677556, 14.759573147529613, -53.784681417536994, -91.65756396889304, -85.19089763132196, -69.40807604931881, -99.88907864712716, -83.05685882187262, 2.0033117133713034, -83.11502854071834, -86.66836563245666, 13.024783277541033, 3.227094735819818, -86.1133950121531, -78.95857357249567, -92.5836909923191, -100.15243349900626, -4.722528295649092, -77.11677373818416, -91.15671427515349, -86.02146942521578, -43.86688884200362, -82.36830501818406, -22.4344648492573, -94.04059395612843, -85.81377742898086, -92.51559610810173, -89.14931551761349, -83.21810383337326, -17.678201581860282, -94.55241966925576, -94.27066876861616, -93.16683767586646, -87.77486931066368, -85.57630094458796, -94.24185080744056, -92.94689138268593, -95.60069631005332, -82.32967056008509, -91.09689559942751, -94.02658133753502, -0.08658612308822168, -43.136566882518935, -85.19797084585394, -0.037171855468108056, -2.9770632996534183, -93.35008421082412, -99.97402409800586, -96.61379066556027, -93.52957281028534, -100.1229148861219, -92.04536232405725, -86.8921856949965, -92.88876534974032, 1.494971364781487, -100.03136662055495, -72.32505693768708, -78.86173053992101, -2.233408211243038, -3.408102336873381, -96.00712196796772, -91.08464871209621, 0.0027142176300423834, -2.2295731231482745, 7.2772326191600545, -91.2948934499222, -92.49454924750287, -84.70222774912123, -95.90400928417813, -93.46578176092254, -67.04924778859066, -95.40971511538226, -89.68047800700079, -94.73851820130794, 1.333740303620513, -0.18088124418320548, -81.1398242112718, -0.09588422640243856, -0.2738169865723446, -100.04789476554954, -100.03501794760385, -0.015136501599745639, -100.02589908593959, 1.6294554956463105, -76.45008625686152, -0.05773565530248711, -3.203204334827143, 3.5968717757587183, -80.08693400685935, -100.00287581644396, -0.08596174433993051, -3.7504983472286404, -91.48470361357056, -57.613552547889874, 1.6633849907924914, -95.60198937900775, -0.7434105638173364, -96.51304268331428, -0.049959628572700185, -0.03805333354183472, -0.5769519279575684, 3.5712184688378596, -100.01674984533193, -84.24862764579126, -2.979732419342597, -0.07970319347780741, -99.97393086390213, 0.7031495059026347, -0.04709075749264335, -0.15725540575171046, -97.06073176438292, 0.6279675952053178, -0.6044186589123081, -96.43293976467686, -95.72801973096844, -95.42647802938619, -102.7658976497056, 0.433541023970742, -97.39014011450695, -46.306902364245566, -97.82783326144663, 5.953517452269495, -50.97809024322788, -0.08894074034596396, -0.21442195601290315, -0.044903568724081626, 4.835618368213633, -0.09177073499896034, 0.3247555112847213, 2.063684047001959, -71.50124235768085, -0.27195376528837806, -95.25628793515217, -0.24791207465506263, -64.55031555350166, -100.12224997480803, -0.3588774695562438, -0.06360325833262377, -1.781830884357963, 6.384022247408802, 0.7409558350363565, -0.6620043362805302, -61.762209313112756, -93.98894952167436, 5.466702890465985, 11.352058386022117, -29.05638876915125, 6.376017430780377, 0.019138474350027756, -80.97083783472087, 74.96499838346645, -75.32652715473574, 2.104828350666459, 0.6359734404439901, 1.887437212412927, 0.8330095319416516, 5.276591434203301, 25.61853534967281],