{"time": "2021-06-24_06-36-07", "last_steps": 2000000, "last_episode": 4151, "last_score": 14.455014214715431, "scores": [-100.03414815675752, -99.95329697385579, -101.75948194713744, -100.01303015934313, -99.97240971878148, -99.97960466736232, -99.99270925903264, -100.05729529171394, -100.00431669116747, -99.97573135561066, -58.59123711858232, -99.91657225613349, -100.07197681375122, 0.21678807887375523, -100.08417297219373, -99.96312838840218, 0.16141249250008569, -100.41769154470305, -100.15730123571146, -99.86862382363192, 9.800597560632854, -0.2842997329036377, -94.6282259613048, -100.00160992559212, -40.78443247241175, 5.377881413420433, -0.11649978393680793, -99.96381852054331, -85.940858973864, 0.06095632128485994, 10.69569520679824, -99.94955353172578, -99.87337439836642, -100.04160434173099, 12.210360383561152, -100.12121841644884, -100.04735594811105, -80.13083908373463, 0.8806243872459764, 1.1251653584251486, 1.8707025561156385, 6.711498960087423, 1.8134461745599562, -88.00275281330772, 4.2632448335070166, -90.77932346274697, -77.9922269525967, -99.85542649859883, -68.76097237486647, -72.12625664132253, -72.89553149999, 7.847931174074054, 4.71782036582524, -90.52193254467046, -90.69376309090916, 33.05783365474343, -0.14445152155256086, -93.07961932106879, -82.34094210491371, -92.3011151674517, -92.02586626334349, -87.32405907905543, -96.72899753786294, -82.27027354119754, -96.706780634361, -96.09838348494394, -0.09698131533844385, -91.15285776491989, -95.97292286066964, -97.22689932138448, -89.24126147382536, -97.40955018591602, -96.34173698235699, -94.77980057611913, -92.99652883109438, -88.41862287344924, -97.51495255282695, -95.33557802538138, -95.34920904843679, -0.7083382711800348, -97.03389738328636, -0.7553529098549674, -96.1440250652534, -94.40096850550707, -91.6995353356214, 1.7593602212688537, -94.04564917134485, -0.3298780580077409, -97.36376680357193, 3.098082833954603, -68.21378837084707, -99.99771571895641, -0.39659413445139635, 1.745572541265497, -0.04370204419991486, -0.07339744058013975, -95.14719049380741, -97.3097292331262, -56.75949295622806, -97.16434066829233, 3.4205029064403027, -94.5222361788567, 11.856123100928574, -42.96950182648653, 5.736251691777004, 0.8131067801969382, -0.15366671881633637, -1.297926854263242, 5.950754738388447, 14.042018574816801, -100.12443188028683, 0.9830009454488906, -88.94305601547391, -100.43405559958627, -100.00777332664842, 11.614544233044638, -0.15484279803615775, -3.4434971490194304, 1.2564911289170637, -100.01727640551263, -0.055807382459630274, -0.18324380857409459, -0.327728983664049, 4.34783579235399, 0.014446855428963602, 5.195903572997174, -90.17188257033875, 16.1941382993705, -99.2813617359087, 4.823660461129801, -0.20238096262178792, -0.1258823814180097, -1.2224818439212846, 2.156498613350523, -0.20102709851240502, 72.3607134332667, 0.43525117787995543, -77.24588194170617, -94.79059541874246, 0.4739462867542534, 19.32050758019374, -100.18183386162131, 1.1932124095987438, -99.79481248749298, 18.18082109167825, -94.74908363788465, -94.71201285533508, -0.049736688256376685, -0.5359683571566393, -0.195327749346345, -75.1187459816952, -57.5412660679457, -1.1991344578781076, 7.775190236288138, 3.5311675577588155, 5.160370842697416, 15.315116589816565, 2.232714508966974, 0.6256594583992664, 1.140497002345031, -0.21319484679127826, -100.05588350602662, 2.5127135905710665, -1.0008190353824598, -6.694534029283324, 5.85219047940138, 3.8403153068234643, -0.029276341133351712, -0.04897283000396406, 1.6429383127312789, 4.3579535600923425, 5.506284629183113, 5.452376576994502, 0.34129467503661276, 6.860767049449393, 8.150665489379803, -89.98150115020408, 36.85016505381936, 1.1078206940141815, -0.07588007043793418, -100.10983506934843, 59.94972187584743, -0.11888291684012242, -16.909649285251945, -0.9895180447200147, 46.32002176424713, 2.60809976982169, -0.12314146914136688, 19.656400553344152, 7.8688089632463445, 5.937208082142189, 25.545072652889367, 21.489148507057255, 16.857082807740223, 0.6097399114489767, 4.150574211971903, -55.0246713745377, 0.8503876881361733, 33.44952027351732, 14.455014214715431, 17.74827698756113],