{"time": "2021-06-24_06-33-11", "last_steps": 2000000, "last_episode": 4341, "last_score": -100.32125235114883, "scores": [-100.16937508665632, -100.18580029438036, -99.94986271400667, -100.07645231707343, -100.0251212881026, -99.95634991888397, -101.79063209747618, -99.96698678138853, -100.0, -100.04482367807817, -100.17518604548647, -0.21409379231779246, -99.93826763947762, -99.9943108383849, -0.1748189425179985, -93.8001901974827, -0.12547800483995158, -99.89475473485986, -99.92533647481224, -100.07495726881254, 12.814496090526502, 15.529193567305308, -100.06612103662097, -3.3580857531397323, 25.33294864723358, -99.87733635498384, -99.8927385220682, 21.0054329880159, -100.1389316130844, -81.48152134150816, 2.7175904557941797, 13.098591955085336, -88.27430306759467, -91.36017800668156, -3.977702630427935, -0.1263931338597509, -99.86754774752576, -75.77798867618232, 21.182624669052334, 23.497045089841013, 0.37486276479966224, -91.35000500546644, 0.8839055447950438, -19.138166842951236, -99.86313566744616, -0.0964602862170528, 1.510534962238814, -90.85365741431524, 7.04946595062368, -87.42674907357132, 28.719034089351126, -90.34318069144999, -95.0440818525588, -0.06712891716938162, -100.15967982892724, -93.87216379149105, 0.635139697014427, -92.31840108212643, -10.103763698464615, -88.413392579234, -88.02579593264123, -91.09773931963774, -18.677310211197266, -90.51535421363754, -92.06194518250145, -95.30140108645185, -87.45289373728463, -78.24585481485725, -88.06324800480238, -97.15192826121832, -4.342984874066312, -46.41276347253151, -82.66982770950312, -86.35794941678773, -94.93877995580651, -93.97959012636437, -63.439446530112996, 0.47339470895343816, -70.38084588054251, -82.50285301371423, -94.32246010501011, -90.51978721680905, 0.8824958502610546, -94.99553643577927, -94.72935253674316, -92.02316441427205, -0.675464682049229, -95.58431741113657, -69.72429829917785, -71.42048256751283, -45.65480923269207, -91.23884280340233, -96.54670054703904, -0.15947512250794874, -100.87926128142276, -94.3706893915623, -92.19987004782172, 0.2026534794333931, 6.427251514915127, -77.25491096546209, -9.133292660395128, -93.85938497862244, -0.08246298322487973, -95.59739262672461, -88.02741416738328, -94.73135868810454, -97.09918220422541, -94.54562037382522, -96.98207912241335, 5.490700038089196, -63.95586312781189, -0.43506222572692643, -93.15917392200002, -0.319390916590513, 0.6173119125242609, -1.984887677218651, -0.24361745942099639, -74.04866064513705, -66.56153131747165, 87.50579359383596, -0.07130070705283777, -0.14267246576265596, -95.22441089250628, 1.2542181729721695, 3.7844271335084807, -10.700896819074984, 58.29062768088065, -99.93612328257805, 4.397645931354285, -0.25373363965644874, 3.621506042440333, -99.98674129922185, 2.531661347118406, -72.03051848231502, 9.927849736497565, 6.067657620617604, 1.5219527911822006, 22.149694294573123, -0.21698558340986937, -79.53974529804897, -0.10880926496209525, 8.183390564599714, -99.97581846402404, -100.23740604386316, -95.53206797319925, -96.05329344100787, -68.14409990919975, -0.14328194959535306, 3.4938300809762444, -0.4429333694556244, 1.71261745846373, -0.22407165986470132, -60.78392526376362, 2.769293530843762, 2.6929648518295846, 16.436167114453056, -99.99413039759997, 32.61239521532972, -0.20626540326881476, -0.14346324218090722, 4.587460629036453, 6.774243230923434, 1.8808833093816617, -99.98616166555145, -80.74249650995614, 27.762984742640178, 1.678130465501721, 14.239206330797494, 17.08446688482211, 60.99535952990898, -100.00492918208842, 11.011921799407006, -0.19005738832511798, -0.3945954889445191, -80.34989226987149, 8.602641387889541, 3.229005274693359, -0.35155074114227325, -0.07799625714843324, 3.8323771513543408, 28.11015824059909, 14.044060154413142, 5.25938025981122, -99.99400666632505, 7.223304449567543, 4.10472991189785, 4.24252013377317, 4.22121499914097, 4.9429889290367575, 12.58338058701558, 8.750948435499732, 11.987662567912682, 3.38133929058292, 19.00617614063887, 5.9052610751392836, -65.76238513861922, 2.1416010328213004, -3.3009328709763355, 11.353124895275709, -100.32125235114883, -93.98383578973015],