{"time": "2021-06-24_05-22-23", "last_steps": 2000000, "last_episode": 4299, "last_score": 20.485274982052754, "scores": [-99.97369695654457, -100.01708046548691, -0.11031884731308872, -100.111133540004, -100.02534968489938, -100.15751566523566, -102.74949838321297, -99.98227626087017, -95.92029257688648, -100.14833324024765, -0.13750686098013085, -95.66774946757212, -94.70971081228998, -99.99908600570676, -99.96055444951902, -100.0699047954238, -0.16673791439096516, -99.95468542471875, -99.8796362669003, 0.9538184550140384, -82.25501860336036, 5.905343696832288, -89.30707407196672, -72.91398065715447, -81.11458820856141, -75.86368380033821, -0.12434650494050278, -66.87656855379993, -50.59973174157021, 0.08104091751811839, -5.060384928162924, -0.17823929617721623, -99.88004168602455, -100.1491067106723, -100.56570650998597, -86.31942948706045, -94.6699974679875, -90.45967122094005, -0.11938179046108856, -78.05171450237376, -0.2086768439928565, -93.30453020512518, -93.0594003451677, -93.41580488723135, -96.3058808404184, -87.0215236472076, -88.24351776056224, -94.03553635538564, -89.70055749472253, -93.51811635494138, -93.67554380767932, -94.62204735733063, -94.26287064755455, -93.81332763146378, -94.99524556666333, -6.815368399470126, -94.24182042072516, -91.24489993540436, -100.07777926553351, -90.59121795957493, -92.6195813265648, -89.93740243380607, -100.25095962905782, -83.64966741963777, -100.08280409727632, -83.99680155153878, -100.7733950744546, -95.30396124039468, -95.85203952019175, 1.9470042457458514, -83.19901238833883, -96.04915609725909, -2.755936730924812, -0.23426079439162015, -37.661850690356964, -96.96157925187563, -78.86213327705217, -96.37779801409768, -91.8399280025044, -97.50440740865278, -94.76939070191393, -0.049022951096698054, -97.25893133228084, -95.42241865731688, -89.31084341658736, -94.35212307489576, -97.85173095591429, -83.19671863133284, -93.9697908223711, -96.82813097492573, -96.16900360962265, -97.81662699623418, -92.22190985761401, -92.9568738093693, -95.2623540439441, -92.06628958736768, -96.72040592167453, -96.3751092734052, -96.3256067340352, -93.85171720954669, -0.0900042238890105, -0.07737827116737747, -0.11315525334778365, -94.99719102834378, -94.47270328153995, -93.361559059904, -20.43860851387892, -88.81627514111356, -94.9255727070481, 0.08248082149327964, -93.176058858507, -56.51524200621486, -99.94066306971777, -87.93737108159799, 0.575065644247115, 0.04325646604105863, -0.24550891075161013, -100.12381472011353, -100.10228055447317, -100.05663803708626, -1.522402897577292, -100.31454572526098, -0.17015870328586202, -98.55551431743062, -0.08881389341532663, -2.1865960298918665, 0.792792292376984, -0.13719544939041803, -95.98680897009332, 0.0002061175799596001, -87.8963177639694, -97.20281417882083, -0.0761158500561683, -96.39782011041416, -0.4251225788386375, -97.3018913421198, -0.1809682807219262, -0.17648203093604528, -0.22480303255233314, 2.3173722050814676, 0.019518682244075578, 1.2568324284303773, 3.550000123844556, 26.670295688178214, 0.02256568094807407, 8.300656787273393, 1.4483263421163466, 2.793585711763432, 3.3129085399457474, 6.297536174440505, -46.556446529383585, 21.839104820006636, -84.5504338826266, 4.328103290149481, 9.081641078525372, 11.012472541429545, 15.349224361582488, -0.06052150954106559, 1.6176470170731012, 0.6790877215955602, 5.716808476095478, 12.770702647998357, -0.12365635461210962, 17.971012591255857, 0.1892552716730102, 10.835588495170827, 5.538842789750459, -100.0, 34.85519556753321, 4.654721602441893, -0.46220272169690796, -99.9558047189274, -100.01874219676222, -99.96260515888271, -99.98143204068768, -100.07356401039434, 8.679617618604262, -0.16175517321308716, 5.450793235681942, 29.248999619980133, 13.913063092422554, 20.68430637940312, 9.122171468140005, 20.530819996788626, 9.953607060767526, 25.459324710278334, 29.413774980590283, 56.72350482755436, 19.49998301922435, 14.641472289961657, 33.86556226012402, 10.414249281487654, -99.89136453224641, 14.63437791599902, 15.666801715764258, 1.0954506613126418, 12.822680576040842, 13.596811095618229, 60.92673496747373, 20.485274982052754, 17.166147454056016],