{"time": "2021-06-24_05-28-47", "last_steps": 2000000, "last_episode": 3384, "last_score": -78.26621307583473, "scores": [-100.0646087364415, -100.01472183153281, -100.08423894707255, -99.99934108274023, -100.03346489363636, -100.07741974251573, -100.09215700239109, -98.55271354764588, -100.04324778121385, -100.00608039995527, -99.88406477239916, -99.96048051852445, -63.601395486529015, -80.58587240754404, -99.96980439221872, -0.02158048429670109, -86.05974031363795, -0.012450460083318082, 0.6808013308101472, -99.84224784793587, -100.15126793889799, -85.17150473105839, -72.68895756789432, -67.60520424214029, 0.4510263546781629, -79.00988860784176, -100.13330185525368, -2.4996841042718887, -87.50961178888248, -100.220190408195, -65.48091978113962, -55.64594628651993, -89.23374522360257, -0.08363164131726777, -88.44572680356544, 10.146212577503636, -40.65003594777347, -84.7068325417326, -87.24992962713043, -0.1786156106541979, -86.94648804165121, -90.42422350007469, -0.23025035703544686, -94.07700390085049, -93.30034636968132, -95.57123894201979, -92.80078116850612, -93.86897054416517, -93.56719689030136, -93.9297982499072, -94.69129365443362, -95.46931836545852, -93.39799352957273, -94.83780641393619, -69.44063505167219, -96.93409857755489, -92.54745343696857, -97.12806166370639, -0.19473083206892092, -94.28146967124609, -94.25613126738507, -74.59843125840594, -97.01448397189571, -0.13243351489573982, -96.08508822497448, -73.17953345960217, -93.43749994353543, -0.3257004600730619, -86.74534069548731, -48.92915368123629, -100.01372296485695, -95.8617689404339, -100.11262476911457, -89.18980800047436, -92.89314240134804, -94.71532040449861, -91.22387709089088, -0.16870989354130334, -96.8077140051339, -2.7544323280749885, -65.74087399727097, -50.469873659924154, -97.34396799364421, -100.0701123931221, -0.04649598065819624, -95.63222873302699, -96.79677535317208, -100.38026673941978, -100.09648187688751, -92.89429748635237, -96.27950412183776, -93.95664950729555, -96.23605142117874, -82.4348964987453, -95.19205028831567, -94.49517980934544, 27.38822479633213, -88.2763007679217, -100.06538698045514, -95.33790530276784, -92.63672215713815, -0.05884559495545211, -95.50115420831301, -91.47802757867004, -94.78786430947848, -96.30447096092242, -94.90369776140199, -94.81564757927195, -77.24916626535017, -0.16305711318529087, -93.43385452680852, -96.0989826076257, -0.04658324827875687, -95.826180831789, -34.855874745863495, -95.12233643904291, -95.28648051951726, -85.06546031484945, -93.16434133442084, -89.26365108260747, -62.90459869274909, -84.06700747741986, -96.52983605479885, -4.142100437490067, -96.1877938030711, -100.08540412520787, -4.575016593136743, -100.04332627047896, -94.81859174388563, -93.10459186902061, -93.6223437571347, -70.37845773455203, -97.4296387539384, -88.1305737003054, -6.289421050434399, -52.23683382820593, -88.0707937922671, -35.04994562037822, -101.33266697109755, -84.15325729653419, -95.93770680095997, -90.57820947379882, -84.2118048228652, -85.16403911874146, -91.68662742163856, -0.1468423402176568, -95.77587407173777, -94.19858144154045, -0.033822336282384374, 0.4418906633688244, -94.40767999627994, -96.95077490582713, -0.04785156160511043, -86.51158293097586, -97.31223205182975, -82.51729344925504, -95.64436211732088, -97.0219784836077, -96.64439499541018, -60.70311709137774, -74.37120095870377, -95.69614612778612, -73.02425208511166, -91.44002122124188, -96.51322356295542, -0.40295127943772663, -96.81438924880649, -95.45614182270755, -90.44483213022718, -96.71295951374036, -97.13062280602037, -97.42568583754698, -97.02659643926143, -82.47489391878062, -95.73588537523102, -96.40515723607314, -100.22683733331955, 0.012379428793815943, -97.02179047170628, -93.98951821289867, -74.29205084139699, -97.31213545403176, -97.10076092139197, -87.71990931375964, -79.71901899916242, -0.04173408104677691, -97.42408950098178, -97.31838664042483, -87.2961294292994, -97.1285912399401, -96.35609113461834, -3.0542031932000455, -45.6136347241518, -0.12496949326282955, -97.7949135297203, -97.42014802359537, -93.84844350726317, -0.06763755206929226, -95.22072416539966, -78.26621307583473, 1.388510319459547],