{"time": "2021-06-24_05-11-55", "last_steps": 2000000, "last_episode": 4189, "last_score": 12.132233886167997, "scores": [-100.03414815675752, -99.95329697385579, -99.9916178801817, -99.97247096161561, -100.02321538613158, -92.96279892321985, -92.79550273886517, -99.94870319387472, -99.87758686619438, -100.00994404272942, -0.17913003917649958, -100.02016011886141, -0.22202350026599657, -0.19176343588359812, -0.13691497293838342, -100.23296607408625, -0.12727587219334982, 0.04482633267447787, 2.1605222618483126, 7.145192498690088, -91.39441764268555, -0.01558398384794408, -81.93428603677037, -73.29994289989389, -100.14196627028846, 1.6660675147751398, -100.08241390207249, -7.76222846782835, -29.14318762868152, -0.025380655079988053, 4.71935042114462, -97.06319497700137, -99.8846674645089, 5.895131381150076, -94.16851880329257, -82.76463543377157, -0.7629707130098329, -88.46036531752843, 28.062584133971548, -94.48011225125198, -4.932568375544355, 2.2893613274480087, -92.71915560903179, -96.44155736324103, -91.48520091861168, -84.36406067215692, -96.34534093418458, -83.66674938127208, -97.40498448440557, -97.83028409869468, -94.29124863358787, -98.05981993200764, -96.35560521457104, -0.16022713093035987, -0.17030083649956274, 0.43385100640985186, 0.22948710813899634, 0.6182698163850104, 0.037372646606617745, -0.5217870508626675, -89.33431154617277, -98.24181478827849, -99.9758395054818, 34.644127594555336, -0.26699155445616607, -0.36649527049374736, 0.2030947203268604, -0.20205732510554417, -0.7936288033397498, 0.6391080501849129, -0.14925709703939397, -0.39370931399052084, 6.976518182760942, -0.013271298756205875, -0.09263761951176512, -0.30535128217870694, 3.611282453861081, -86.91993085535171, -0.25807765286705286, -0.04140610258571637, -72.34792512863142, -5.291354954015252, -0.4473355036839239, -98.76240656103067, -1.8872272783830721, 1.9447056714084825, -0.1664306711027091, -95.99204911790201, -0.21191475498483608, -0.2312194887246871, 0.4292195057959259, -100.12680533829683, -74.00252364500042, 0.3762368306277159, 1.2646164399836928, -83.88458340130805, 3.5222815845633604, -94.81174239518396, 3.507807715802195, -95.59125537017452, -0.18260561983889648, 5.754922920845471, -0.0799075050753142, 9.476841749063844, -0.06607654311551621, 2.4539120478147334, -0.5794170932474287, 3.0562649607375225, -0.1030116438421265, -100.08171120368847, -99.97886047596027, -88.51761972234628, -97.31158365486016, 5.6008437649450284, 33.2419157886283, -82.02927276977113, 8.696228039618369, 54.50244021176303, -97.01397949719592, 6.726540864830425, 3.953182820155889, 0.8658091449606264, -97.14972213717891, 4.995677113270334, 3.037376772105324, 4.015809018543719, 3.055561386407277, -53.98508876818044, 1.5973024705689278, -7.6835039758345856, -24.28477127193014, 72.6303445763189, 6.593717778898773, 6.738923335872862, 1.2045049781770125, 31.948539182278047, 27.060272925075896, 1.0667500982269118, 16.423412170804102, -98.35815832496695, 4.231267764566536, 3.618223544435323, 6.032684612400037, -0.19320639429586026, 12.203593611492627, -84.57240289056143, 0.635581504200892, 2.7404982658648205, 3.3592188568865335, -0.24913018720596627, 5.737559202024154, 9.882816234811608, -0.15805287254958847, -100.00605420891533, -100.8012172176057, 1.8807706009026302, -6.682967148584924, 5.3755714291944905, -93.95256832225184, -96.92865198898512, -95.73857725732256, -78.52876611764688, 5.448650047860507, 5.52703867851887, 0.6427795449722327, 1.576690952328343, -0.13970152579173903, -62.68820056068619, -95.41759284204878, -3.9140915610591245, 6.121875491582242, -0.1155370172044496, 4.246186356006206, 5.846511162932529, 8.712931859860012, -99.9972121561911, 8.800522120850454, -10.640977298746693, -100.00681027754582, -99.85324437550898, 33.21053898368087, 23.517522387561666, -99.87449163163647, 18.834425845371115, 31.841584827707788, 3.0150770262316247, 10.136633812764336, 11.075873323343641, 0.22167921051491132, 3.6482874674699475, 11.015503554985894, 7.5843874030039, 5.288028548828092, 13.727958493840061, 1.6426121509760518, -0.08253825107813616, 3.2858650966085436, 10.493111520677026, 18.45248919371446, 12.132233886167997, 20.09532834345631],