{"time": "2021-06-24_05-09-27", "last_steps": 2000000, "last_episode": 4771, "last_score": -0.055652757385301115, "scores": [-100.16937508665632, -100.18818840599279, -100.10003992138844, -100.04534095924093, -100.08060439927787, -99.98705626858984, -100.00545104040205, -100.02410358214841, -100.00819242938364, -99.93509312965155, -99.96012845941893, -100.07428738561377, -100.03538543788112, -0.04980565001024582, -100.01139031223627, -0.1438446797019859, -0.12758309040480917, 0.6091416002615452, 0.24598681589892105, -0.1622502929281826, -0.07054498665030681, -89.1437221772076, -0.22286486916322396, -86.39207068800609, 0.050094512797324214, -69.31607447933226, 2.2521810974652423, -79.56334009286446, -89.81832652331451, -2.491607939996716, 0.13697958637061114, -91.09287125648146, -90.04480042328915, -21.51152826593758, -90.93948411594394, 4.349753479565895, 1.50233225696693, -90.27998838594874, 98.14036760233343, -49.06531133836517, -58.24443694775841, -9.206970565167795, -14.033066562623748, -25.499151507528797, -58.920728239799594, -92.84113604677815, -93.32429819768814, -94.38944234769913, -91.11273784752697, -87.68586278512376, -97.23106773110842, -97.07953376144704, -93.46993252070702, -0.6216556338543554, -76.94067490732344, -79.90485371485157, -99.97380264648558, 1.4862724964191965, -91.24850530246735, -0.0940462154679538, -71.80621106786334, -0.28871961322900913, -0.09195975165361228, -0.041598983201422, -0.20775688894089914, -0.23437052180551796, -94.469840236429, -0.323479550323161, -97.84323975278483, -96.81413998427433, -0.954704831544786, -33.92300094714783, 56.1244805684061, -0.1253150121614502, -100.11126187078217, 0.8698796856203322, -100.24451683468092, -97.13408836000913, -0.15520065915430167, -97.0485761982312, 0.3825863631362206, -0.1802175493937911, 1.2403665174672773, -0.4336022766118522, -97.70164157370337, -100.1556568026707, -93.5000193902852, -51.98470350617703, -0.11871064457940869, -100.04847908888573, -47.301794072999165, -98.23352155211862, -99.97421607290511, 1.034521396826191, -78.55269030401595, 0.2328063360195497, -63.56309814337588, -94.33994658650093, 8.011915646386873, -0.36980925493965405, -93.13138885806052, -100.00273366660669, -95.00273454599545, -0.1567324149503903, -0.07685706396058688, -87.24775235209358, -0.07739029106967547, -102.74453348229521, -96.9465186115964, -31.65978726423632, -0.4012356973612417, -100.02443514137228, -99.98514723805927, 0.8982472786615793, -100.04902518765735, -46.765207655170336, 6.255242209351348, -100.03854024830707, 2.5802628118926374, -0.18058535049394517, 3.107088209421272, -94.76143228924441, -0.341695573630752, 4.755949246739284, 2.266659333106154, 10.55082470937998, -96.23298927589649, 4.1537971803324565, -92.07326790868586, 9.942456421626739, -78.4055356555537, -0.0049936655947571155, -82.68581729542039, 56.97133726094064, 28.452054209858154, -91.68857174698296, -96.0491500143558, 26.29252332671696, 31.004026676177276, 0.11418494371022073, 5.288411518905069, 0.3419938342425077, 9.079779966515662, 81.32554161505192, 12.915946246171357, -0.14245864344500328, -2.31034070064736, 5.022680072907079, 2.679402321718185, -0.15052252106593356, 30.693927536750156, 23.503065419022022, -100.0064112071252, -100.0864778362914, 16.647780936930538, -99.83870247484745, -99.94108473572645, -99.84697766656588, -99.93698418501837, 15.296262740521767, -99.96707757088473, -99.99839300191515, -99.97181850336041, 0.15582772021577365, 26.725261296540097, -24.42676071396198, 63.559210000278135, 13.068087245460807, 63.3284608425361, 46.39424807177142, 8.450269849799113, 3.9635149645485783, 0.22296720869160896, 33.372516755531464, 19.95403605108222, 13.167337596089563, 30.290992563501245, 14.27042780432269, 12.721934878589591, 29.005242294143894, 1.8201960641516737, 0.5042089865574739, 4.837537595005672, -95.94288584902317, 13.159500783250904, -94.62849439176829, 50.26888814008041, -92.1531054552791, -92.0693973101142, -0.03245133080883736, -97.4801441077492, -95.2066280576086, 2.5076287061420963, 0.9342906828416567, -28.15808053104895, 3.1523925057649707, 0.17149000749604462, 18.577243013072913, 4.678608336839686, -0.055652757385301115, 2.8423356410330465],