{"time": "2021-06-24_05-03-36", "last_steps": 2000000, "last_episode": 4763, "last_score": 13.81188836230435, "scores": [-99.97434896562781, -99.96676162787134, -100.01968504878896, -100.01034536669138, -92.6489361805749, -100.11457199439006, -99.98876453982771, -100.05950150599945, -95.83154464559645, -99.99548056058893, -93.27101306362889, -99.87990811034264, -0.7147157722867546, -0.026781910828455716, -0.22793196683165334, 0.4057863271080662, -0.12698676821106802, -100.03009492641704, -99.9296514538179, -89.66605189312511, 10.403635851685308, -2.8136922868813534, 44.860028176860645, -43.37136925176265, -100.03869723318086, -3.415933932437222, -100.11284402906179, -91.49598241776047, 8.262499309120763, -100.112795734096, 1.9446250429298741, 11.511687185714765, -49.56398879557949, -91.31305561295665, -100.06928648525006, 8.187225641777404, 4.337669384207872, 6.663399926891324, -78.37103696015649, -91.67865671755123, -93.91840680871275, -92.12662886966791, -90.378107308186, -91.85332669368681, -90.88505424862207, -94.36276453686149, -96.13023122667003, -0.31660558663552435, -0.17468867524111834, -92.08005737345201, -52.224626565372986, -97.02501085072254, -84.29818599112397, -0.10986871825912298, -96.32697476962225, 3.094146801856655, -78.7605252988039, 1.0357688175320636, -97.4388091760687, -96.72423334998702, -88.77706731895351, 1.2918203780451056, -0.7829111791626331, -86.74446122303881, 4.135621479811435, -91.71156424740009, -88.81800557545212, -93.13981250326172, -96.74348639564288, -94.36305854426342, -97.30660319448566, -96.58186044391793, -0.11709129826793964, -97.5341871174075, 0.017173496504109077, -0.564731168659169, -62.39292442933065, -97.15024350746955, -59.501521097773995, -0.18257738124459946, -82.50665847710377, -89.0940818627821, 3.0252544411180016, -30.71241090547211, -85.07112828237032, -72.454358407705, -0.2168443193771104, -99.99959554948794, 0.22299236076926668, 3.9886304890964492, -96.01498265219121, -0.05106672608588179, -0.060199983622711346, -0.5181965826578044, -0.31899095558118207, -0.31192395379178744, 1.0869109010809177, -83.25496603226087, -95.40698256659468, 5.383080658598409, -0.2876643716305198, 2.4901754925801654, -91.02713310968002, -99.96881120393304, 28.6657824495363, -0.23035862949561225, -74.47357452239025, -100.11233662401288, -0.12718593982162746, 60.67561413114093, -61.46896420853367, -0.1719530325972516, -0.06049729666247587, -0.0655464191869583, -96.92917240831225, 1.2413882412541928, -0.13277947085959538, 1.7845798705541172, -100.13379568156256, -100.37535998197278, -0.17112705858431132, -55.15215103038495, 1.1995530244670551, -100.04846765021237, 8.231407271887917, -70.74274326918328, 9.665528169653532, -94.9880536325514, 0.45729363888047037, -62.149131741166116, -0.6220120558081159, 2.589010767953562, 1.3728207092762559, 2.2064294819876005, -89.82802123785383, 0.33360925709507516, 9.699328287426281, -77.30682071315623, 5.367574411379701, 3.8375413669581246, -95.52322955700483, 0.7115303625405477, -0.32683169362583403, -0.09120951030877213, 3.0141045078302633, -53.50014506287547, 3.333373301004781, -99.85860458857444, -0.06340964774294995, 0.11408908946662112, 7.065440549237545, 47.36121645556252, -100.06060135476669, -95.38304777013427, 7.223723693237519, 8.317584332443571, 7.1971093986468295, 14.979444098818188, -94.16008713531863, 21.557606452330212, 23.072932498577117, 16.93283322992044, 92.33454619180631, 19.85958227081632, 76.66776611020794, 5.229789212804321, 10.327336473561388, -0.07071052508682334, 2.3071769551819163, -47.180735710550636, 23.17819197551533, -0.11733867107700882, 3.3676732030953933, 1.7299180990569232, 0.05189468939418939, 17.316461574959646, 3.7620134669000516, -0.08909989394430384, 15.190826461363821, -100.00453018424643, 20.525085472030913, 42.94435088493663, 8.990441921954874, 9.725239251755136, -100.08357953394813, 16.608917134668193, 16.468963793299423, -99.89297453367541, 18.301968942754453, 30.8793841385671, 15.299905320624996, 22.972049733013083, -91.98823999580367, 16.410769278728484, 11.221184087060088, 11.952015001910615, 18.449748056554455, 65.66937369725865, 3.1511216964889597, 13.81188836230435, -99.84354570561395],