{"time": "2021-06-24_05-42-09", "last_steps": 4000000, "last_episode": 78423, "last_score": -0.03910614525139665, "scores": [-1.0, -1.0, -1.0, -0.7391304347826086, -0.8666666666666667, -0.23076923076923078, -0.18181818181818182, 0.5, -1.0, -1.0, -1.0, -1.0, -1.0, -1.0, -1.0, -1.0, -1.0, -1.0, -0.9666666666666667, -1.0, -1.0, -1.0, -1.0, -1.0, -1.0, -1.0, -1.0, -0.25925925925925924, -1.0, -0.5774647887323944, -1.0, -1.0, -0.9775280898876404, -0.9302325581395349, -0.9411764705882353, 0.6491228070175439, -1.0, -1.0, -0.7681159420289855, -0.3333333333333333, -1.0, -1.0, -0.9173553719008265, 0.3333333333333333, -0.8181818181818182, -1.0, -1.0, -1.0, -1.0, -0.9310344827586207, -1.0, -0.41333333333333333, -1.0, -1.0, -0.5882352941176471, -0.9565217391304348, -1.0, -0.05263157894736842, -1.0, -1.0, -1.0, -0.9886363636363636, -1.0, -1.0, -1.0, 0.35353535353535354, -1.0, -1.0, 0.625, -0.16981132075471697, -0.06666666666666667, -0.9452054794520548, -1.0, -0.3548387096774194, -1.0, -0.956989247311828, -0.5607843137254902, -1.0, -0.9186991869918699, -0.8181818181818182, -1.0, -1.0, -0.20454545454545456, -1.0, -1.0, -0.7795275590551181, -0.9545454545454546, -1.0, -0.5462962962962963, -1.0, -1.0, -1.0, -0.1875, -1.0, -0.7142857142857143, -0.9191919191919192, -1.0, -1.0, -0.7307692307692307, -1.0, -0.889763779527559, 0.15789473684210525, -0.8842975206611571, -1.0, -1.0, -1.0, -0.5789473684210527, -1.0, -0.9903846153846154, -1.0, -0.9902439024390244, -1.0, -1.0, -0.29577464788732394, -1.0, -1.0, -0.9441860465116279, -0.8490566037735849, -0.42857142857142855, -1.0, -0.8636363636363636, -0.673469387755102, -0.927710843373494, -0.3870967741935484, -0.7407407407407407, 0.36231884057971014, -0.2753623188405797, 0.5666666666666667, -0.8991596638655462, 0.18604651162790697, -1.0, 0.034482758620689655, -0.4358974358974359, -0.8167330677290837, 0.6271186440677966, -0.84, -0.08661417322834646, -0.7176470588235294, -0.92, -1.0, -0.7894736842105263, 0.16546762589928057, -0.8715596330275229, -1.0, 0.25, -0.2, -1.0, 0.0, -1.0, 0.7894736842105263, -0.9161676646706587, -0.8877551020408163, -0.45907473309608543, -1.0, -0.9873417721518988, -0.8317757009345794, 0.15, -0.8181818181818182, -0.7894736842105263, -0.865979381443299, -0.9686520376175548, 0.1891891891891892, -0.392226148409894, -0.6404494382022472, -0.55, -0.8016528925619835, -1.0, -0.14705882352941177, -0.8269230769230769, 0.11764705882352941, -0.926530612244898, -1.0, -0.978021978021978, -0.944954128440367, -1.0, -0.7142857142857143, 0.10344827586206896, -0.07692307692307693, -0.5209125475285171, -0.6944444444444444, -0.16766467065868262, -1.0, 0.047619047619047616, 0.6756756756756757, -0.7886178861788617, -0.803030303030303, 0.1504424778761062, 0.4, 0.21708185053380782, 0.11956521739130435, -0.6575342465753424, -0.8823529411764706, -0.4878048780487805, -1.0, -0.5151515151515151, -0.9310344827586207, -0.9349593495934959, -0.04201680672268908, -0.7880794701986755, -0.6762589928057554, -0.8333333333333334, -0.36666666666666664, -1.0, -0.947136563876652, -0.7728706624605678, -0.3793103448275862, 0.3745173745173745, -0.21875, -0.2727272727272727, -1.0, -0.9285714285714286, -0.17346938775510204, 0.03680981595092025, -0.03283582089552239, 0.4666666666666667, 0.05333333333333334, 0.38461538461538464, -0.6431535269709544, -0.9659090909090909, -0.34959349593495936, 0.7098039215686275, 0.27956989247311825, -0.9365079365079365, 0.4316546762589928, 0.45787545787545786, -0.08169014084507042, -1.0, 0.18490566037735848, -0.5724137931034483, -0.1411764705882353, 0.2781456953642384, -0.03492063492063492, 0.472636815920398, 0.23943661971830985, -0.2862190812720848, 0.37454545454545457, -0.17088607594936708, 0.1518324607329843, 0.061611374407582936, -0.3313253012048193, 0.6538461538461539, -0.20107238605898123, 0.4144486692015209, -0.4603174603174603, 0.7142857142857143, 0.12751677852348994, 0.1415525114155251, 0.6335877862595419, 0.7348484848484849, -0.42657342657342656, -0.265625, -0.3253968253968254, 0.07878787878787878, 0.2585034013605442, 0.7265625, 0.4641509433962264, 0.2251655629139073, 0.23529411764705882, 0.6666666666666666, 0.7076923076923077, 0.011834319526627219, -0.014084507042253521, 0.5454545454545454, -0.21390374331550802, 0.45864661654135336, 0.4852941176470588, 0.7431906614785992, 0.3498233215547703, 0.3533834586466165, 0.6575875486381323, 0.6501901140684411, 0.18840579710144928, 0.06501547987616099, 0.3442622950819672, 0.4220532319391635, 0.08794788273615635, 0.5478927203065134, 0.10153846153846154, 0.4592833876221498, 0.6434108527131783, -0.09859154929577464, 0.7421875, 0.4772727272727273, 0.7975708502024291, -0.07605633802816901, 0.14776632302405499, 0.5555555555555556, 0.14285714285714285, 0.5588235294117647, 0.4606741573033708, 0.5280898876404494, 0.45387453874538747, 0.3458646616541353, 0.2857142857142857, 0.1056338028169014, 0.18394648829431437, 0.518796992481203, -0.24808184143222506, 0.08361204013377926, 0.5390625, 0.0, 0.5361216730038023, -0.1724137931034483, 0.5223880597014925, 0.53125, 0.7045454545454546, 0.6515151515151515, 0.46923076923076923, 0.1485148514851485, 0.20284697508896798, 0.3874538745387454, 0.6287878787878788, -0.10404624277456648, 0.28825622775800713, 0.08307692307692308, 0.4725274725274725, 0.5298507462686567, 0.7154150197628458, 0.38181818181818183, 0.5116279069767442, 0.5714285714285714, 0.49624060150375937, 0.6431226765799256, 0.2791519434628975, 0.3026315789473684, 0.3546099290780142, 0.47924528301886793, 0.6226415094339622, 0.47126436781609193, 0.5019157088122606, 0.1292517006802721, 0.47368421052631576, 0.7906976744186046, -0.22133333333333333, 0.24912280701754386, -0.13333333333333333, 0.39552238805970147, 0.3829787234042553, -0.05014749262536873, 0.603112840466926, -0.1394658753709199, 0.5471698113207547, 0.46863468634686345, 0.1872791519434629, 0.24210526315789474, 0.1971326164874552, 0.04950495049504951, 0.5905511811023622, 0.4153846153846154, 0.4756554307116105, 0.5521235521235521, 0.5, 0.2624113475177305, 0.4315068493150685, -0.006289308176100629, 0.024096385542168676, 0.6875, 0.45185185185185184, 0.6717557251908397, 0.752895752895753, 0.7619047619047619, 0.6470588235294118, 0.30985915492957744, 0.5384615384615384, 0.5114503816793893, -0.26519337016574585, 0.6985294117647058, 0.6245210727969349, -0.16293929712460065, 0.12786885245901639, 0.4916387959866221, 0.2669039145907473, 0.6014492753623188, 0.4358974358974359, 0.33090909090909093, 0.5149253731343284, -0.22404371584699453, 0.5923076923076923, 0.5129151291512916, 0.06289308176100629, 0.34507042253521125, 0.46360153256704983, 0.4460431654676259, 0.4099616858237548, 0.1564625850340136, 0.2168284789644013, 0.4245614035087719, 0.10897435897435898, -0.058823529411764705, 0.4552238805970149, -0.01694915254237288, 0.323943661971831, 0.20677966101694914, 0.36, 0.5390625, 0.19594594594594594, 0.575091575091575, 0.3541666666666667, 0.5708812260536399, -0.03910614525139665, -0.1634349030470914],