{"time": "2021-06-24_05-32-20", "last_steps": 4000000, "last_episode": 76200, "last_score": 0.4220532319391635, "scores": [-1.0, -1.0, -0.7777777777777778, -1.0, 0.0, -1.0, -1.0, 0.4, -0.875, -1.0, -1.0, -1.0, -1.0, -1.0, -1.0, -0.9183673469387755, -1.0, -1.0, 0.375, -0.3142857142857143, -0.2631578947368421, -0.9655172413793104, -1.0, -1.0, -1.0, -0.9285714285714286, -1.0, -1.0, -1.0, -1.0, -1.0, -0.8, -1.0, -1.0, -1.0, -1.0, -0.8947368421052632, -1.0, -1.0, 0.6785714285714286, -1.0, -1.0, -1.0, -1.0, -1.0, -1.0, -1.0, -0.625, -0.8974358974358975, -1.0, -0.44, -1.0, -1.0, -1.0, 0.3333333333333333, -1.0, -1.0, -1.0, -1.0, -0.725, -1.0, -0.875, -1.0, -0.36538461538461536, -1.0, -0.37142857142857144, -0.42857142857142855, -0.875, -0.7333333333333333, 0.42857142857142855, -1.0, -1.0, -0.9080459770114943, -1.0, -0.7446808510638298, -0.9771428571428571, -0.9805825242718447, -1.0, -1.0, -0.391304347826087, -1.0, -1.0, -1.0, 0.08502024291497975, -1.0, -1.0, -0.9900497512437811, -0.16455696202531644, -0.8085106382978723, -0.9375, 0.5294117647058824, -0.9487179487179487, 0.6666666666666666, 0.5268817204301075, -0.9583333333333334, -0.8666666666666667, -1.0, -0.3333333333333333, -1.0, -0.5555555555555556, -0.7419354838709677, -0.42857142857142855, -0.2222222222222222, -1.0, -0.8556701030927835, -1.0, -1.0, -1.0, -0.84375, -1.0, -0.38461538461538464, -0.7941176470588235, -0.8928571428571429, -0.5764705882352941, -1.0, -1.0, -0.7913043478260869, 0.09090909090909091, -0.6, -1.0, -1.0, 0.6923076923076923, -0.9746835443037974, -1.0, -1.0, -1.0, 0.3482142857142857, -0.4482758620689655, -0.7687861271676301, -0.9873417721518988, -1.0, -0.9746835443037974, -0.43333333333333335, 0.2653061224489796, -0.13043478260869565, -0.8695652173913043, -1.0, -0.7272727272727273, 0.05263157894736842, -0.9894736842105263, 0.13131313131313133, -0.9833333333333333, -0.1566265060240964, -1.0, -1.0, -0.33766233766233766, 0.5068493150684932, 0.362962962962963, -0.7073170731707317, 0.15, -1.0, -1.0, -0.7391304347826086, -0.5466666666666666, -0.7333333333333333, -0.7358490566037735, -0.42857142857142855, -0.6944444444444444, 0.10714285714285714, -0.6872427983539094, -1.0, -0.85, -0.16417910447761194, -0.9914893617021276, -0.972972972972973, -0.9736842105263158, -0.6466876971608833, -0.18181818181818182, -0.2140077821011673, -1.0, -1.0, -0.8983050847457628, 0.5616438356164384, -0.1346153846153846, -0.8266666666666667, -0.39090909090909093, -0.9849056603773585, -0.2893401015228426, -0.5796178343949044, 0.2073732718894009, -0.6578947368421053, -0.15, 0.1504424778761062, -0.9850187265917603, -0.44871794871794873, -0.38095238095238093, -0.6855345911949685, -0.9254658385093167, 0.305019305019305, 0.2923076923076923, -0.11428571428571428, 0.5348837209302325, -0.9806763285024155, -0.17374517374517376, -0.9047619047619048, -0.9681528662420382, -0.1510791366906475, -0.7181818181818181, 0.07395498392282958, -0.21568627450980393, 0.11224489795918367, -0.9898477157360406, -0.7034700315457413, -0.0603448275862069, -0.6276595744680851, -0.7560975609756098, 0.1348314606741573, -0.9047619047619048, -0.8156028368794326, -0.5207373271889401, -0.023255813953488372, -0.4472049689440994, 0.46405228758169936, -0.2823920265780731, -0.08670520231213873, -0.3303964757709251, 0.5978835978835979, -0.6091954022988506, -0.7049180327868853, 0.5502958579881657, -0.7383720930232558, -0.7365269461077845, -0.6888888888888889, -0.9459459459459459, -0.9447852760736196, 0.5403225806451613, -0.9696969696969697, 0.0726643598615917, 0.4076923076923077, -0.38666666666666666, -0.2283464566929134, -0.9461883408071748, -0.6554621848739496, -0.5314685314685315, -1.0, -0.2839506172839506, -0.6762589928057554, 0.4140625, -0.518324607329843, -0.03529411764705882, -0.3333333333333333, 0.019417475728155338, 0.6525096525096525, 0.4461538461538462, 0.362962962962963, -0.20655737704918034, -0.962059620596206, 0.1743119266055046, 0.4037735849056604, 0.061611374407582936, 0.29577464788732394, 0.4253731343283582, 0.2753623188405797, -0.011406844106463879, 0.06164383561643835, -0.021406727828746176, 0.0967741935483871, 0.2490974729241877, 0.15112540192926044, 0.3435114503816794, 0.6793893129770993, -0.12637362637362637, 0.43915343915343913, 0.2099644128113879, 0.6201550387596899, 0.7578125, -0.14018691588785046, 0.09634551495016612, 0.3879003558718861, 0.30033003300330036, 0.5112781954887218, 0.020172910662824207, -0.20625, 0.602996254681648, 0.18181818181818182, 0.14093959731543623, 0.524904214559387, 0.23178807947019867, 0.25435540069686413, 0.696969696969697, 0.4785714285714286, 0.47692307692307695, 0.32608695652173914, 0.48148148148148145, -0.16890080428954424, 0.5464684014869888, -0.19375, -0.14905149051490515, 0.28888888888888886, -0.12181303116147309, -0.09497206703910614, 0.4696969696969697, 0.35766423357664234, 0.7272727272727273, 0.6811594202898551, -0.31139240506329113, 0.6830188679245283, 0.5227272727272727, -0.08605341246290801, 0.4253731343283582, 0.47079037800687284, 0.4375, 0.22580645161290322, 0.26, 0.46534653465346537, 0.635036496350365, 0.3584905660377358, 0.5909090909090909, 0.0058823529411764705, 0.620817843866171, -0.06552706552706553, 0.24113475177304963, 0.45724907063197023, 0.7131782945736435, 0.689922480620155, 0.6349206349206349, 0.5627240143369175, 0.12462006079027356, -0.005813953488372093, 0.7110266159695817, 0.6862745098039216, 0.176056338028169, -0.15789473684210525, 0.3695652173913043, 0.07076923076923076, 0.25735294117647056, 0.7509727626459144, 0.296551724137931, 0.24161073825503357, 0.41637010676156583, 0.6404494382022472, 0.4022140221402214, 0.16993464052287582, 0.6124031007751938, 0.4928571428571429, 0.654054054054054, 0.3333333333333333, 0.5769230769230769, 0.5486381322957199, 0.6653696498054474, -0.2054794520547945, 0.0744336569579288, 0.0058823529411764705, -0.06628242074927954, 0.6423357664233577, 0.2391304347826087, 0.24092409240924093, 0.1492063492063492, 0.46099290780141844, 0.41263940520446096, 0.33093525179856115, 0.602996254681648, -0.06060606060606061, -0.35522388059701493, -0.10144927536231885, 0.5338345864661654, 0.1342281879194631, -0.22788203753351208, 0.36153846153846153, -0.26063829787234044, 0.26811594202898553, 0.38408304498269896, 0.3541666666666667, 0.18791946308724833, 0.6717557251908397, 0.2624113475177305, 0.5378787878787878, 0.1050228310502283, 0.5430711610486891, 0.77431906614786, 0.3992932862190813, 0.5805243445692884, 0.46360153256704983, 0.4981549815498155, 0.18421052631578946, 0.2600732600732601, 0.3527272727272727, 0.10526315789473684, 0.6282527881040892, 0.28, 0.07746478873239436, 0.6104868913857678, 0.26545454545454544, 0.31899641577060933, 0.582089552238806, 0.6090225563909775, 0.5471698113207547, 0.26277372262773724, 0.3378839590443686, 0.5175097276264592, 0.78125, 0.7718631178707225, 0.14675767918088736, 0.4195804195804196, 0.30855018587360594, -0.002967359050445104, 0.5797665369649806, 0.7480314960629921, -0.0708215297450425, 0.4220532319391635, 0.6342412451361867],