{"time": "2021-06-24_05-34-36", "last_steps": 4000000, "last_episode": 76864, "last_score": 0.43283582089552236, "scores": [-1.0, -1.0, -1.0, -1.0, 0.1111111111111111, -1.0, -0.8490566037735849, -1.0, -1.0, -1.0, -1.0, -1.0, -1.0, -1.0, -1.0, -1.0, 0, -1.0, -1.0, -0.006289308176100629, -1.0, -1.0, -1.0, -1.0, -0.45454545454545453, -0.9466666666666667, -0.7297297297297297, -0.28, -0.17647058823529413, -1.0, -0.9439252336448598, -1.0, -1.0, -1.0, -0.4864864864864865, -0.5454545454545454, -0.9821428571428571, 0.40540540540540543, -1.0, -1.0, -0.9493670886075949, -1.0, -1.0, -0.8032786885245902, 1.0, -0.8947368421052632, -1.0, -0.864406779661017, -1.0, -1.0, -0.46875, -1.0, -1.0, -1.0, -0.9117647058823529, -1.0, -0.22033898305084745, -0.8208955223880597, -0.8181818181818182, 0.4117647058823529, -1.0, -0.5625, -0.8356164383561644, -0.3815789473684211, -1.0, -0.13580246913580246, -0.375, -0.1724137931034483, -0.18, -1.0, -1.0, -1.0, -0.7647058823529411, -0.7215189873417721, -0.9811320754716981, -1.0, -0.9661016949152542, 0.0, -0.9365079365079365, -1.0, -0.09090909090909091, -1.0, -1.0, 0.4666666666666667, -1.0, -1.0, -1.0, -0.9666666666666667, -1.0, -0.25925925925925924, -0.6956521739130435, -0.9340659340659341, -1.0, -0.7948717948717948, -1.0, -0.9875, -1.0, -0.2727272727272727, 0.41818181818181815, -0.631578947368421, -0.7333333333333333, -1.0, -0.7454545454545455, -0.9259259259259259, -0.9459459459459459, -0.4725274725274725, -1.0, 0.7021276595744681, -1.0, -1.0, -0.08, -1.0, -0.974025974025974, -1.0, -1.0, -0.2222222222222222, 0.06772908366533864, -0.6792452830188679, -0.7395833333333334, -0.41284403669724773, -1.0, -0.42857142857142855, -0.45985401459854014, -0.6179775280898876, -1.0, -1.0, 0.1875, -1.0, -1.0, 0.36054421768707484, -1.0, -0.9428571428571428, 0.15463917525773196, -0.75, -0.9310344827586207, -0.9393939393939394, -1.0, -1.0, -1.0, -1.0, -0.6447368421052632, -1.0, 0.44785276073619634, -1.0, -0.8333333333333334, -0.9504132231404959, -0.2736318407960199, 0.09090909090909091, 0.17721518987341772, -0.34831460674157305, -0.34523809523809523, -0.8814814814814815, -1.0, 0.41414141414141414, -0.8899082568807339, -1.0, 0.7037037037037037, -0.5330396475770925, -1.0, -0.9787234042553191, 0.4805194805194805, 0.02158273381294964, 0.29545454545454547, -0.8372093023255814, -0.5294117647058824, -0.9798657718120806, -0.9245283018867925, -1.0, -0.5737704918032787, -0.19863013698630136, 0.2033898305084746, 0.4253731343283582, -0.9555555555555556, -0.5490196078431373, -0.8823529411764706, 0.40540540540540543, -1.0, -0.1746031746031746, 0.4375, -0.9016393442622951, 0.3389830508474576, -0.4166666666666667, -0.0954356846473029, -0.9937694704049844, -0.024154589371980676, -0.2948717948717949, -1.0, -0.43661971830985913, -0.9209039548022598, -0.6923076923076923, -1.0, -0.6833333333333333, -0.21739130434782608, -0.9880952380952381, 0.3125, -0.9490445859872612, -0.7777777777777778, -1.0, -0.175, 0.32710280373831774, 0.10382513661202186, -0.6417910447761194, -0.006944444444444444, -1.0, -1.0, -0.7083333333333334, 0.2, -0.1796875, 0.7161290322580646, -0.4748603351955307, 0.1927710843373494, -0.647887323943662, -0.7903225806451613, -0.1375, -0.9415584415584416, -0.30973451327433627, -0.8642857142857143, -1.0, -0.2625, -0.01597444089456869, -0.7207207207207207, -0.42857142857142855, 0.10559006211180125, -0.8926174496644296, 0.3333333333333333, 0.06930693069306931, -0.8628571428571429, 0.43820224719101125, -0.5774647887323944, -0.8367346938775511, 0.38666666666666666, 0.23972602739726026, 0.0, 0.3660377358490566, 0.615686274509804, 0.27586206896551724, -0.4637223974763407, -0.16233766233766234, -0.7026022304832714, -0.7476923076923077, 0.15207373271889402, 0.08571428571428572, 0.518796992481203, -0.013574660633484163, 0.32673267326732675, 0.4828897338403042, 0.631578947368421, -0.49823321554770317, 0.4634146341463415, -0.04932735426008968, 0.4602076124567474, 0.21649484536082475, 0.6447876447876448, -0.18356164383561643, 0.08852459016393442, 0.33093525179856115, 0.6088560885608856, 0.20689655172413793, 0.04100946372239748, 0.524904214559387, -0.1232876712328767, 0.2967032967032967, 0.5223880597014925, 0.6268656716417911, 0.4772727272727273, 0.6299212598425197, -0.181058495821727, 0.2936802973977695, 0.3906810035842294, 0.1891891891891892, -0.18478260869565216, 0.6226415094339622, 0.3381818181818182, 0.32666666666666666, 0.7142857142857143, 0.34814814814814815, 0.09933774834437085, -0.029239766081871343, 0.637065637065637, 0.17687074829931973, 0.26811594202898553, 0.49433962264150944, 0.5985130111524164, 0.3238434163701068, 0.425531914893617, 0.35036496350364965, -0.2894736842105263, 0.7707509881422925, 0.15614617940199335, 0.2823920265780731, 0.1793103448275862, 0.27598566308243727, 0.47440273037542663, 0.49812734082397003, 0.061488673139158574, 0.012658227848101266, 0.033112582781456956, 0.6417910447761194, 0.0670926517571885, 0.35275080906148865, 0.10810810810810811, -0.16981132075471697, 0.38461538461538464, 0.45588235294117646, 0.7637795275590551, -0.16111111111111112, 0.5252918287937743, 0.722007722007722, 0.7384615384615385, 0.23465703971119134, 0.2631578947368421, -0.0782122905027933, 0.5571955719557196, -0.2133676092544987, 0.6806083650190115, 0.03170028818443804, 0.4074074074074074, 0.14634146341463414, 0.0529595015576324, 0.4, 0.13355048859934854, 0.8181818181818182, 0.5384615384615384, 0.04294478527607362, -0.10204081632653061, 0.2534246575342466, 0.5488721804511278, 0.6392156862745098, 0.24398625429553264, -0.022857142857142857, 0.5057915057915058, 0.7431906614785992, 0.6240601503759399, 0.7088122605363985, 0.21379310344827587, 0.3308550185873606, 0.4368231046931408, 0.6511627906976745, 0.4148148148148148, 0.23636363636363636, 0.592156862745098, -0.13019390581717452, 0.7401574803149606, -0.246684350132626, 0.4172661870503597, 0.20141342756183744, 0.20422535211267606, 0.3381294964028777, 0.26277372262773724, 0.5320754716981132, 0.3357664233576642, 0.6483516483516484, 0.688212927756654, 0.49812734082397003, 0.6692913385826772, 0.39325842696629215, 0.6917293233082706, 0.3262411347517731, -0.11420612813370473, -0.2056338028169014, 0.26501766784452296, 0.4222222222222222, 0.5808823529411765, 0.796078431372549, 0.48091603053435117, -0.15168539325842698, 0.4621212121212121, -0.19452054794520549, 0.23588039867109634, -0.21293800539083557, 0.6273764258555133, 0.37906137184115524, 0.2905405405405405, 0.6384615384615384, 0.6594202898550725, 0.2222222222222222, -0.10919540229885058, 0.6731517509727627, 0.27402135231316727, 0.4022140221402214, 0.5306859205776173, 0.4612546125461255, 0.38181818181818183, 0.35793357933579334, -0.034482758620689655, 0.4642857142857143, 0.4696969696969697, 0.16455696202531644, 0.637065637065637, 0.5169811320754717, 0.3680297397769517, 0.2805755395683453, -0.2413793103448276, -0.13186813186813187, 0.5107913669064749, 0.2398753894080997, 0.012345679012345678, 0.4095940959409594, -0.1774193548387097, 0.43283582089552236, 0.2302158273381295],