{"time": "2021-06-24_05-39-21", "last_steps": 4000000, "last_episode": 76321, "last_score": -0.054441260744985676, "scores": [-1.0, -1.0, -0.42857142857142855, -1.0, -1.0, -1.0, -1.0, -1.0, -1.0, 0.6666666666666666, -1.0, -1.0, -0.14285714285714285, 0.2, -1.0, 0.3333333333333333, 0.1111111111111111, -0.6901408450704225, -0.8723404255319149, -0.9436619718309859, -1.0, -0.15789473684210525, -1.0, -1.0, -1.0, -1.0, -1.0, -1.0, 0.6153846153846154, 0.574468085106383, -1.0, -0.36, -1.0, -1.0, -1.0, -1.0, -1.0, -1.0, -1.0, -1.0, -0.9797979797979798, -1.0, -1.0, -1.0, -1.0, -1.0, -1.0, -0.7814207650273224, -1.0, -1.0, -0.3333333333333333, -0.8695652173913043, -1.0, -1.0, -1.0, -0.45454545454545453, -0.9770114942528736, -0.7176470588235294, 0.3246753246753247, -0.963963963963964, -0.9425287356321839, -1.0, -0.2, -1.0, -1.0, -0.7171717171717171, -1.0, -1.0, -0.5918367346938775, -0.5454545454545454, 0.2542372881355932, -1.0, -1.0, -0.9743589743589743, -0.4883720930232558, -0.5121951219512195, -0.45454545454545453, -0.4838709677419355, 0.42857142857142855, 0.14285714285714285, -0.1743119266055046, -0.6226415094339622, -0.9655172413793104, -1.0, -1.0, -0.4444444444444444, -1.0, -0.9880239520958084, -1.0, -1.0, 0.7, -1.0, -0.7373737373737373, -1.0, -1.0, -0.47692307692307695, -0.4642857142857143, -1.0, -0.8867924528301887, -1.0, -1.0, -1.0, -1.0, -0.9786476868327402, -1.0, 0.16666666666666666, -1.0, -0.990990990990991, 0.5294117647058824, -1.0, -0.31386861313868614, -1.0, -1.0, 0.5492957746478874, -1.0, -0.9032258064516129, -0.8, 0.011235955056179775, -0.9626168224299065, 0.3333333333333333, -1.0, 0.8333333333333334, -1.0, -1.0, -1.0, -0.3333333333333333, -0.8026315789473685, 0.6511627906976745, -0.4492753623188406, -0.9901960784313726, -1.0, -0.5409836065573771, -0.6511627906976745, -0.26865671641791045, -0.9624060150375939, -1.0, -0.9924528301886792, -0.31645569620253167, -0.16408668730650156, -0.7676348547717843, -1.0, -0.8985507246376812, 0.25, -0.3333333333333333, 0.5, -0.991869918699187, -0.7608695652173914, -0.8904109589041096, -1.0, -1.0, -0.6976744186046512, -0.6144578313253012, 0.6103896103896104, -0.6774193548387096, -1.0, -0.10416666666666667, -1.0, 0.1262135922330097, -0.821656050955414, -0.6822429906542056, -0.9923371647509579, 0.06666666666666667, -0.8202247191011236, -1.0, -0.9936908517350158, -0.5126050420168067, -0.897196261682243, -1.0, -0.3643410852713178, -0.8737864077669902, -0.18518518518518517, -0.44493392070484583, 0.08045977011494253, -0.3963963963963964, -1.0, -1.0, -0.9142857142857143, -0.5918367346938775, 0.30666666666666664, -0.7068965517241379, -0.9792746113989638, -1.0, -0.580952380952381, 0.4745098039215686, -0.8461538461538461, -0.592814371257485, -0.022727272727272728, -0.7419354838709677, -0.9414634146341463, -0.9669421487603306, 0.5304347826086957, -0.7512953367875648, -0.22826086956521738, -1.0, -0.6205533596837944, -0.8333333333333334, -0.9116022099447514, -0.9421487603305785, -1.0, -0.8134110787172012, 0.4583333333333333, -0.37142857142857144, -0.6514522821576764, 0.003367003367003367, -0.16666666666666666, -0.2638888888888889, -0.7546468401486989, -0.6923076923076923, -0.6716417910447762, 0.22627737226277372, -0.3197278911564626, -0.983402489626556, -0.42424242424242425, -0.5245283018867924, -0.5283842794759825, 0.16666666666666666, -0.5803571428571429, 0.2777777777777778, 0.6571428571428571, 0.2638888888888889, -1.0, -0.7983193277310925, 0.5132275132275133, -0.3972602739726027, -0.7130044843049327, -0.020833333333333332, -0.11917098445595854, -0.704, -0.3394495412844037, -0.5278969957081545, -0.9939024390243902, -0.44871794871794873, -0.8651685393258427, 0.014218009478672985, -0.19576719576719576, -0.9786666666666667, -0.20155038759689922, 0.35036496350364965, 0.3381818181818182, -0.2375, -0.15168539325842698, 0.632183908045977, 0.3688212927756654, -0.44871794871794873, 0.803921568627451, -0.3633440514469453, 0.6541353383458647, 0.47368421052631576, -0.47674418604651164, -0.7011494252873564, 0.373134328358209, -0.14201183431952663, 0.4789272030651341, 0.8, -0.14367816091954022, 0.40268456375838924, -0.17086834733893558, 0.5373134328358209, 0.45098039215686275, 0.5038167938931297, 0.5606060606060606, 0.5451263537906137, 0.4580152671755725, 0.30855018587360594, 0.12714776632302405, -0.24352331606217617, 0.3236363636363636, 0.5340501792114696, 0.48872180451127817, 0.2579505300353357, 0.3568904593639576, 0.2600732600732601, 0.055944055944055944, 0.4490566037735849, 0.4666666666666667, 0.2026578073089701, 0.5893536121673004, 0.5315985130111525, 0.10457516339869281, 0.5954198473282443, 0.6981132075471698, 0.4264705882352941, 0.045714285714285714, 0.19858156028368795, 0.3037037037037037, 0.12804878048780488, 0.34915254237288135, 0.034482758620689655, 0.45985401459854014, -0.21621621621621623, 0.45255474452554745, 0.16778523489932887, 0.5781818181818181, 0.5817490494296578, 0.391304347826087, 0.25170068027210885, -0.07163323782234957, 0.45318352059925093, 0.4557823129251701, -0.2268041237113402, 0.5053003533568905, 0.6, 0.8393574297188755, 0.1519434628975265, 0.5441176470588235, 0.6653386454183267, 0.22491349480968859, 0.07792207792207792, 0.6159420289855072, 0.46996466431095407, 0.6616541353383458, 0.6796875, 0.009345794392523364, -0.2, 0.6981132075471698, 0.35315985130111527, 0.23636363636363636, 0.30656934306569344, 0.392226148409894, -0.07428571428571429, 0.44569288389513106, 0.5521235521235521, 0.6717557251908397, 0.29850746268656714, -0.07058823529411765, 0.4482758620689655, -0.16712328767123288, -0.2328767123287671, 0.6377358490566037, 0.4729241877256318, -0.24725274725274726, -0.07042253521126761, -0.2950391644908616, 0.3141025641025641, -0.24864864864864866, -0.11428571428571428, 0.515625, 0.17482517482517482, 0.4676258992805755, 0.6447876447876448, 0.6498054474708171, 0.7898832684824902, 0.71875, 0.3186119873817035, 0.6194029850746269, 0.803921568627451, 0.4767025089605735, 0.09868421052631579, -0.1967654986522911, -0.02127659574468085, 0.4334470989761092, 0.5018587360594795, 0.32646048109965636, -0.21643835616438356, 0.5444839857651246, 0.09385113268608414, 0.3333333333333333, -0.01744186046511628, -0.42433234421364985, 0.5615384615384615, 0.40145985401459855, -0.05454545454545454, -0.24598930481283424, -0.037900874635568516, 0.5454545454545454, 0.5661764705882353, 0.4432234432234432, 0.47619047619047616, -0.13903743315508021, 0.5454545454545454, 0.41333333333333333, 0.02702702702702703, 0.7007874015748031, -0.14754098360655737, -0.19889502762430938, 0.5280898876404494, -0.18699186991869918, 0.14754098360655737, 0.7401574803149606, 0.6254681647940075, 0.44285714285714284, 0.6996047430830039, 0.4195804195804196, 0.5167785234899329, 0.39768339768339767, 0.5209125475285171, 0.44981412639405205, 0.36551724137931035, -0.119533527696793, 0.6602316602316602, 0.6088560885608856, -0.20441988950276244, -0.18904109589041096, 0.2290909090909091, 0.7265625, 0.2214765100671141, 0.44569288389513106, 0.3511705685618729, 0.2924187725631769, -0.054441260744985676, -0.16076294277929154],