{"time": "2021-06-24_05-40-25", "last_steps": 4000000, "last_episode": 81115, "last_score": 0.3400673400673401, "scores": [-1.0, -1.0, -0.9649122807017544, -0.5, -1.0, -1.0, -0.2, -1.0, -1.0, -1.0, -0.75, -1.0, -0.9215686274509803, 0, -0.8974358974358975, -1.0, -0.7333333333333333, -1.0, -1.0, -1.0, -1.0, -1.0, -0.6, -1.0, -1.0, -0.28888888888888886, -0.6666666666666666, -1.0, -0.5833333333333334, -1.0, -0.9444444444444444, -1.0, -0.3333333333333333, -1.0, -0.9849624060150376, -1.0, -0.45454545454545453, -1.0, -0.9473684210526315, 0.015384615384615385, -0.927710843373494, -1.0, -0.7966101694915254, -1.0, -1.0, -1.0, -0.7586206896551724, -0.2054794520547945, -1.0, -1.0, -1.0, -1.0, -1.0, -1.0, -1.0, -0.29850746268656714, -1.0, -1.0, -1.0, -0.3333333333333333, -1.0, -1.0, -1.0, -0.20408163265306123, -1.0, -1.0, -1.0, -1.0, -1.0, -1.0, 0.6491228070175439, -0.8490566037735849, -0.6739130434782609, -0.75, -0.7391304347826086, -0.1111111111111111, -1.0, -0.3684210526315789, -1.0, -0.9285714285714286, -1.0, -1.0, -1.0, -0.8769230769230769, -1.0, -0.6666666666666666, -0.9886363636363636, -0.9655172413793104, -0.989247311827957, -1.0, -1.0, -1.0, -0.803921568627451, -1.0, -0.8350515463917526, -1.0, -1.0, -0.42168674698795183, -1.0, -0.8333333333333334, -1.0, 0.65, -0.7297297297297297, -1.0, -1.0, -0.7777777777777778, -0.43137254901960786, -0.8086124401913876, -0.6883116883116883, -0.9455252918287937, -0.9897959183673469, -1.0, -0.2342857142857143, -0.5954198473282443, -0.9610894941634242, -0.8735632183908046, -0.41818181818181815, -0.9753086419753086, 0.022727272727272728, -0.972972972972973, 0.033707865168539325, -1.0, -0.6761904761904762, -0.6538461538461539, -1.0, -0.7241379310344828, -0.6716417910447762, 0.08527131782945736, -0.42857142857142855, -0.11475409836065574, -0.9892183288409704, -0.38461538461538464, -1.0, 0.3611111111111111, -0.9148936170212766, -1.0, -0.24390243902439024, 0.1111111111111111, -0.6524590163934426, -0.8181818181818182, -0.7962962962962963, -1.0, -1.0, 0.5231788079470199, -0.7647058823529411, -1.0, -0.09090909090909091, -0.23976608187134502, -0.9924242424242424, -0.8148148148148148, -0.9368421052631579, -0.23919308357348704, -1.0, -0.9835390946502057, -0.5692307692307692, -1.0, 0.2972972972972973, -1.0, -0.6616915422885572, -1.0, -1.0, -1.0, -0.9279279279279279, -0.02564102564102564, -0.9154929577464789, -0.9365079365079365, -0.2222222222222222, -0.42105263157894735, -0.6835443037974683, -0.7087378640776699, -0.9656160458452722, -1.0, -0.7094017094017094, -0.9342105263157895, -0.020689655172413793, -1.0, -0.7049180327868853, -1.0, -0.8444444444444444, -0.9479166666666666, -1.0, -0.9611650485436893, -0.06493506493506493, 0.7142857142857143, -0.45864661654135336, -1.0, 0.7175572519083969, -1.0, -0.9470198675496688, -0.4794520547945205, -0.6666666666666666, -0.48917748917748916, -0.4107142857142857, -0.5942028985507246, 0.1111111111111111, -0.8727272727272727, -0.7168141592920354, 0.21739130434782608, -0.5894039735099338, 0.3191489361702128, 0.08888888888888889, 0.4805194805194805, 0.603112840466926, -0.9, -1.0, 0.13513513513513514, -1.0, -0.8320610687022901, -0.9861111111111112, 0.41708542713567837, -0.36936936936936937, -0.9826086956521739, -0.9743589743589743, -0.7028985507246377, -0.41721854304635764, -0.3155893536121673, -0.7797356828193832, -0.21095890410958903, -0.7705882352941177, -0.2786885245901639, -1.0, 0.14685314685314685, -0.13279132791327913, -0.2217573221757322, -0.9158576051779935, -0.9944444444444445, -1.0, -0.48695652173913045, -0.4340836012861736, 0.42748091603053434, -0.9151515151515152, -0.49640287769784175, 0.3248407643312102, -0.8098859315589354, -0.768976897689769, -0.25, -0.05329153605015674, -0.4774193548387097, 0.5335689045936396, -0.7664670658682635, 0.7451737451737451, -0.4472934472934473, 0.29537366548042704, 0.6475095785440613, 0.5378787878787878, -0.06051873198847262, -0.3472222222222222, 0.7241379310344828, 0.5268817204301075, -0.3140794223826715, 0.09202453987730061, -0.6927374301675978, -0.46827794561933533, -0.44761904761904764, -0.06666666666666667, -0.14124293785310735, 0.49809885931558934, 0.6953125, 0.3605015673981191, 0.7906976744186046, 0.5801526717557252, 0.6842105263157895, -0.15877437325905291, 0.11764705882352941, 0.44481605351170567, -0.2606060606060606, 0.6567164179104478, 0.6531365313653137, 0.1167192429022082, 0.08609271523178808, 0.44360902255639095, -0.21621621621621623, -0.0708215297450425, 0.38515901060070673, -0.02821316614420063, 0.28888888888888886, 0.28052805280528054, 0.696969696969697, 0.7121212121212122, 0.18088737201365188, 0.553030303030303, 0.2624113475177305, 0.3851851851851852, 0.3007518796992481, 0.1310344827586207, -0.15406162464985995, 0.5457875457875457, -0.0903954802259887, 0.02608695652173913, -0.07865168539325842, -0.003278688524590164, 0.5151515151515151, -0.13259668508287292, 0.6475095785440613, 0.21323529411764705, 0.4461538461538462, 0.3192982456140351, -0.2192513368983957, -0.08985507246376812, -0.18032786885245902, 0.2608695652173913, 0.27017543859649124, 0.40601503759398494, 0.6941176470588235, -0.13114754098360656, -0.0898876404494382, -0.0893371757925072, 0.6730038022813688, 0.2535211267605634, -0.023121387283236993, 0.07023411371237458, 0.4416961130742049, 0.2916666666666667, 0.3602941176470588, 0.28619528619528617, 0.2535211267605634, 0.5627240143369175, 0.1387900355871886, 0.5038167938931297, 0.6692307692307692, -0.2, 0.2357142857142857, 0.6417910447761194, 0.48120300751879697, -0.22099447513812154, -0.2225201072386059, -0.08235294117647059, 0.436426116838488, 0.029069767441860465, 0.2676923076923077, -0.22371967654986524, -0.16981132075471697, 0.48905109489051096, 0.5683453237410072, 0.23529411764705882, 0.37404580152671757, 0.15602836879432624, 0.08978328173374613, -0.041176470588235294, -0.16991643454038996, -0.05234159779614325, 0.11974110032362459, -0.11299435028248588, -0.0189873417721519, 0.5037593984962406, 0.27526132404181186, 0.5245283018867924, 0.3553113553113553, -0.296875, 0.28135593220338984, 0.7587548638132295, 0.23508771929824562, 0.3333333333333333, -0.13623188405797101, 0.2669039145907473, -0.24383561643835616, -0.25396825396825395, 0.2415902140672783, -0.1790633608815427, -0.14745308310991956, -0.0029498525073746312, 0.38686131386861317, -0.15702479338842976, -0.14127423822714683, 0.09876543209876543, 0.44360902255639095, 0.27472527472527475, -0.21329639889196675, -0.1366120218579235, -0.248, 0.20430107526881722, 0.01567398119122257, -0.1771117166212534, 0.47194719471947194, -0.12087912087912088, -0.29048843187660667, 0.005780346820809248, 0.26618705035971224, 0.16556291390728478, 0.6212121212121212, 0.6313725490196078, -0.143646408839779, 0.011764705882352941, -0.08169014084507042, 0.21739130434782608, 0.24458204334365324, 0.7198443579766537, 0.125, -0.2033898305084746, -0.25, 0.467680608365019, 0.05555555555555555, 0.0440251572327044, 0.2613240418118467, -0.1793478260869565, -0.04398826979472141, 0.4740740740740741, -0.12222222222222222, 0.3633217993079585, 0.3400673400673401, 0.03048780487804878],