{"time": "2021-06-23_16-30-55", "last_steps": 2000000, "last_episode": 22920, "last_score": -0.2222222222222222, "scores": [-1.0, -1.0, -0.6666666666666666, -1.0, -1.0, -1.0, -0.9523809523809523, -1.0, -0.42857142857142855, 0, -1.0, -0.375, 0.3333333333333333, -1.0, -0.3333333333333333, -1.0, 0.375, -1.0, -1.0, -0.9230769230769231, -0.7391304347826086, 0.36, -0.9076923076923077, -1.0, -1.0, -0.7391304347826086, -1.0, -1.0, -1.0, -1.0, -1.0, -1.0, -1.0, -1.0, -0.38461538461538464, -1.0, -1.0, -1.0, -0.95, -0.8148148148148148, -0.40540540540540543, -0.7, -1.0, -1.0, -1.0, -0.8571428571428571, 0.5245901639344263, -0.7674418604651163, -1.0, -0.9629629629629629, -1.0, -1.0, -0.9759036144578314, -1.0, -0.5789473684210527, -1.0, -1.0, -0.5111111111111111, -1.0, -0.6444444444444445, -1.0, -1.0, 0.1746031746031746, -1.0, -0.9318181818181818, -0.7333333333333333, -0.5, -0.6716417910447762, -1.0, -1.0, -1.0, -1.0, -1.0, -0.992831541218638, -1.0, 0.26174496644295303, -0.7109826589595376, -0.8345864661654135, -0.7721518987341772, -1.0, -0.8225806451612904, -0.9828326180257511, -0.4482758620689655, -0.07142857142857142, -0.7045454545454546, -1.0, -0.1794871794871795, -1.0, -1.0, -0.5584415584415584, 0.45454545454545453, -1.0, -0.6907216494845361, -1.0, 0.4666666666666667, -0.9488817891373802, -0.9512195121951219, -0.7121212121212122, -1.0, -0.9166666666666666, -1.0, -0.9512195121951219, 0.07692307692307693, -1.0, -0.8987341772151899, 0.2, -0.8620689655172413, -0.7368421052631579, -0.7471264367816092, -1.0, -0.4, -0.2127659574468085, -1.0, -0.6774193548387096, -0.9281437125748503, -1.0, -0.776, -0.9484978540772532, -0.9758064516129032, -0.2932330827067669, 1.0, -1.0, 0.25925925925925924, -1.0, -0.15, -0.3353115727002967, -0.7931034482758621, -0.5058823529411764, -1.0, -0.9795918367346939, -1.0, -1.0, -0.22916666666666666, -0.24444444444444444, -0.9523809523809523, -1.0, -0.7098445595854922, -0.9552238805970149, -0.8666666666666667, -1.0, -0.23415977961432508, -0.2894736842105263, -0.7219730941704036, -1.0, -1.0, -1.0, -0.8884462151394422, -0.4, -1.0, -0.9354838709677419, -0.9032258064516129, -0.751937984496124, 0.10869565217391304, -0.9764705882352941, -0.7037037037037037, -1.0, -0.8979591836734694, -0.18769230769230769, -1.0, -0.7379310344827587, -0.9506172839506173, -1.0, -0.9148936170212766, -1.0, -0.6060606060606061, -1.0, 0.075, -0.350210970464135, -1.0, -0.9757575757575757, -1.0, -0.24481327800829875, -0.6816326530612244, -0.5319148936170213, -0.648936170212766, -0.19796954314720813, -0.8735632183908046, -1.0, 0.21518987341772153, -0.45864661654135336, 0.6962025316455697, -0.5767195767195767, 0.5283018867924528, -0.21656050955414013, 0.5609756097560976, 0.30612244897959184, -0.9920318725099602, -0.8837209302325582, 0.45098039215686275, 0.5263157894736842, 0.7398373983739838, -0.7101449275362319, -1.0, -0.7699115044247787, -0.9841269841269841, 0.20398009950248755, -0.3333333333333333, -0.5555555555555556, -0.075, -0.2222222222222222, 0.152], "value_est": [0.04359535860605538, 0.03479270492363721, 0.0421822932543233, 0.04541060304995626, 0.04052663218900562, 0.04483222102299333, 0.050275384686701, 0.05421464516147971, 0.05290096227787435, 0.056639049539342526, 0.05576466796202585, 0.05969244598317892, 0.057654294626414776, 0.05907498989216983, 0.05259218933954835, 0.04760091883279383, 0.04876075941771269, 0.047275069609284404, 0.047042877248302105, 0.047530344840511676, 0.048537437934055926, 0.0521851627856493, 0.04791991728581488, 0.047513962803408506, 0.04720377133898437, 0.04708664617650211, 0.046096625642851, 0.04563019390702248, 0.0447373550131917, 0.04414491874910891, 0.04344229284450412, 0.04362254011258483, 0.043089152636379004, 0.042155734723433855, 0.0464778230484575, 0.042355742721632124, 0.041470606593042615, 0.041180254292860624, 0.041200602908059956, 0.041991209286451336, 0.04429127671271563, 0.04601605925038457, 0.03958742510527372, 0.0389760123912245, 0.03798758202828467, 0.039018840346112846, 0.083180035610497, 0.04250656311884522, 0.03790582175031304, 0.03744233684428036, 0.03608573898859322, 0.036133321632817385, 0.03671474066786468, 0.03600948648937047, 0.03739312046207487, 0.035109449846670034, 0.03437043920494616, 0.04064314019270241, 0.03386085376553238, 0.04278105592131615, 0.03338759149573743, 0.03322754391413182, 0.05467537112496793, 0.03279549192450941, 0.033374002837762234, 0.041241005065105855, 0.04068701247833669, 0.038390320497378706, 0.030172474884055556, 0.030362615686655044, 0.029965610184706747, 0.029924742906354367, 0.030256302206777035, 0.029807628657482564, 0.029272164513729514, 0.09433268986064941, 0.04555386741664261, 0.035639542873203756, 0.03459825729932636, 0.02751498194951564, 0.0361004450770095, 0.028321269203536212, 0.038840373590774836, 0.03792475410886109, 0.039039021866209805, 0.027621854280680418, 0.03855204727966338, 0.025230261341482402, 0.02528761137779802, 0.03754179595578462, 0.05745070045944303, 0.023945229250192643, 0.036737155465222895, 0.02361040093898773, 0.07073993982877583, 0.03032960598487407, 0.02922517610117793, 0.03870188281983137, 0.023877912658452988, 0.026557289381511508, 0.02214296755325049, 0.02481447460874915, 0.06001318372823298, 0.022910478269308806, 0.026633411485888065, 0.029141553403809667, 0.024478220707923173, 0.027412488022819162, 0.03116922766584903, 0.020734505806677045, 0.05497576846219599, 0.05137339561339468, 0.020686876793578265, 0.03577574119474739, 0.025597118091024457, 0.01997833198979497, 0.033780181109905244, 0.02645041107572615, 0.023489377348311247, 0.06573506241291761, 0.021466019408777355, 0.01994694765303284, 0.0905251925719902, 0.017978021079301833, 0.0489744524165988, 0.12842468771748244, 0.02158043896406889, 0.04026509101986885, 0.018157157113216818, 0.019365633108839393, 0.017709273130260408, 0.01747535017877817, 0.055611989427171646, 0.04940246772561222, 0.019566628307662905, 0.01648212753608823, 0.04645160434562713, 0.019916152991726995, 0.021835091876983643, 0.016017920783534645, 0.16730247447304428, 0.04185103402547538, 0.05085372932236642, 0.015964963647630066, 0.01633144589783624, 0.015648007577005775, 0.03210754009913653, 0.08104815794024617, 0.016377038729842752, 0.022455157509539275, 0.019583010208047927, 0.029424136191233994, 0.07068077021222562, 0.016502754640579223, 0.03581101111546159, 0.015123122746124864, 0.019839832327980547, 0.16122933214316146, 0.013532063100207598, 0.03608722322219983, 0.019521686650346964, 0.01326391651602462, 0.019522749280929567, 0.013232405355013906, 0.05780046609258279, 0.013046035076677799, 0.1526051429454237, 0.0999562511427328, 0.013498334367014468, 0.015174671225436032, 0.013849344393797218, 0.11652106303693727, 0.05343473099814728, 0.0886278670558706, 0.046266253403481096, 0.1034602168276906, 0.026710251285601408, 0.012403293363098054, 0.06589325828254222, 0.09207852515419945, 0.1477519662672654, 0.059941666127741336, 0.09568498513065278, 0.1596152576263994, 0.043313232870213686, 0.20132414700593798, 0.015054803826566786, 0.017921779260970654, 0.16126992921894417, 0.23287524744840338, 0.2275495960013941, 0.022777267674542963, 0.011047578871343285, 0.040957404084224255, 0.013212742131855339, 0.13304362453455104, 0.12748663322348147, 0.06796449200576171, 0.09222337688123808, 0.09290636148406192, 0.08527406957075], "NETWORK": "QNetwork(\n  (flatten): Flatten(start_dim=1, end_dim=-1)\n  (fc1): Linear(in_features=400, out_features=80, bias=True)\n  (fc2): Linear(in_features=80, out_features=80, bias=True)\n  (fc3): Linear(in_features=80, out_features=4, bias=True)\n)", "BUFFER_SIZE": 10000, "BATCH_SIZE": 32, "GAMMA": 0.9, "TAU": 0.001, "LR": 0.0001, "UPDATE_EVERY": 4, "FREEZE_INTERVAL": 10000, "LAST_STEP_DECREASING_EPS": 10000, "N_STEP_EVAL": 10000}