{"time": "2021-06-23_16-31-26", "last_steps": 2000000, "last_episode": 23247, "last_score": -0.5421686746987951, "scores": [-1.0, -1.0, -0.9649122807017544, -0.5, -1.0, -1.0, -0.3684210526315789, -1.0, -1.0, -1.0, -1.0, -0.25925925925925924, -1.0, -1.0, -1.0, -1.0, -1.0, -0.9791666666666666, -0.2916666666666667, -0.9298245614035088, -1.0, -1.0, -1.0, -1.0, -1.0, -0.9696969696969697, -1.0, -1.0, -0.7692307692307693, -1.0, -1.0, -1.0, -1.0, -1.0, -0.21739130434782608, -0.92, -0.8620689655172413, -1.0, -0.986013986013986, -0.574468085106383, -1.0, -0.5, -0.8205128205128205, -1.0, -0.5757575757575758, -1.0, -1.0, -1.0, -1.0, -1.0, -1.0, -1.0, 0.31343283582089554, -1.0, -1.0, -0.7419354838709677, -1.0, -1.0, -0.9823008849557522, -0.9553072625698324, -0.15492957746478872, -1.0, 0.6363636363636364, -0.85, -0.46835443037974683, -0.9506172839506173, -0.9117647058823529, -1.0, -1.0, -1.0, -0.5319148936170213, -0.7209302325581395, -1.0, -0.851063829787234, -0.9491525423728814, -0.7468354430379747, -0.9487179487179487, -0.23636363636363636, -1.0, -1.0, 0.4576271186440678, -1.0, -0.45, -0.8, -0.047619047619047616, 0.2631578947368421, -1.0, -0.6, -0.9107142857142857, -1.0, -1.0, -1.0, 0.19480519480519481, -1.0, -1.0, -0.2727272727272727, -0.5, -0.9285714285714286, -0.8545454545454545, -0.9839357429718876, -0.26380368098159507, 0.4206896551724138, -0.08108108108108109, -1.0, -1.0, -1.0, -1.0, -0.6390977443609023, -1.0, -1.0, 0.21568627450980393, -1.0, -1.0, -0.7828571428571428, -1.0, -0.9864864864864865, -0.9861111111111112, -0.10714285714285714, -0.6595744680851063, -0.7857142857142857, -0.808695652173913, -0.9, -1.0, -0.8518518518518519, -0.46153846153846156, -0.9545454545454546, 0.0, 0.3939393939393939, -0.7450980392156863, 0.5, 0.7078651685393258, -0.8333333333333334, -1.0, -0.2703583061889251, -0.5730337078651685, -1.0, -0.25, -1.0, -1.0, 0.21739130434782608, -0.97, -1.0, -0.978494623655914, -0.9596774193548387, 0.32342007434944237, -0.9647058823529412, -0.010309278350515464, -0.7903225806451613, -0.6470588235294118, -0.29310344827586204, -0.22279792746113988, -0.9942528735632183, -0.18181818181818182, -0.98, -0.3278008298755187, -1.0, -0.5678391959798995, -0.6666666666666666, -0.9829059829059829, 0.31868131868131866, -1.0, 0.09803921568627451, -1.0, 0.18699186991869918, -0.2556818181818182, -0.7333333333333333, -1.0, -1.0, 0.021505376344086023, -0.9826086956521739, 0.17647058823529413, -0.2935323383084577, -0.01098901098901099, 0.08571428571428572, -0.28608923884514437, -0.9925093632958801, -0.5213675213675214, 0.15862068965517243, 0.31543624161073824, 0.13580246913580246, -0.96, -0.016129032258064516, -0.16058394160583941, -0.788546255506608, -0.4304635761589404, 0.06220095693779904, -0.34, -0.75, -0.8131487889273357, -0.8859649122807017, -0.7866666666666666, -0.22, -0.9759036144578314, -0.5598086124401914, -1.0, -0.35714285714285715, -0.6072727272727273, -0.6756756756756757, -0.9487179487179487, -0.5421686746987951, 0.5521235521235521], "value_est": [0.0026517121565848355, -0.0047533318510861134, 0.007660819246961909, 0.011956022416248742, 0.009719617992331042, 0.009630605281344469, 0.014562274775479455, 0.01250796355114071, 0.017165646587562516, 0.015967436829890356, 0.019476708243464237, 0.021894141594157555, 0.023561001745070097, 0.016822610597498715, 0.016314162491005844, 0.015088524845050416, 0.01362047295155935, 0.015904940616618842, 0.017770387079939245, 0.016114089416153728, 0.014904806512966752, 0.011452773648686706, 0.015678199061285706, 0.01734912025714293, 0.015095999915711582, 0.0196608128817752, 0.017551676596421747, 0.014142901561409234, 0.017099015021324156, 0.014749065239913761, 0.014598086798842997, 0.012009398047532887, 0.013999385322164744, 0.02164953857259825, 0.01847957408055663, 0.015439734148513526, 0.01749635932529345, 0.015149797389283777, 0.01597980238068849, 0.01935761608881876, 0.013642333770357073, 0.01674003307837993, 0.01798686818368733, 0.013454801447875798, 0.02156985733313486, 0.014533747477829456, 0.016088763583358378, 0.013104893946275115, 0.014257208285760135, 0.013702525802608579, 0.01268442118652165, 0.014616363954264671, 0.04032005731184036, 0.012532998100295662, 0.012543064286280423, 0.018526652745157482, 0.012580002364143729, 0.012122678261622787, 0.014090041792858393, 0.015798518064804375, 0.0328111873219721, 0.0124142422279343, 0.06693042952073738, 0.0179081184271723, 0.025909341901727022, 0.014478639167174697, 0.01700315917171538, 0.011536041132733226, 0.01253727068034932, 0.011054785712994635, 0.02113507735375315, 0.01946010327199474, 0.012013195607066155, 0.017289690468646587, 0.014108680892083794, 0.02030080596199259, 0.016445828103274107, 0.04387181725073606, 0.010245561882387847, 0.011639185472205282, 0.04339821349820122, 0.01009894390096888, 0.02116841049073264, 0.013554359827004373, 0.020654595468752087, 0.030675080562755464, 0.01158053615828976, 0.020375753280706704, 0.016362069573253393, 0.01103809077795595, 0.011054518527723848, 0.010450713186059148, 0.04657922307886183, 0.010490924407821149, 0.010083849466219545, 0.024096572153642772, 0.023473788436781617, 0.013649412102252245, 0.019774824858084322, 0.012979992469772696, 0.06407696687495336, 0.10340870768586173, 0.02631126324282959, 0.011138436884991824, 0.010048392377980053, 0.01038867858806625, 0.009860961655620486, 0.03296977352807298, 0.010034787489660085, 0.009355415929667652, 0.04027808682462201, 0.009645357106439769, 0.010003507336694747, 0.0281328338842839, 0.009492701691947877, 0.010984915564674885, 0.011753420039638876, 0.08690281938388944, 0.04125344849452376, 0.014169740191753953, 0.02055027525899932, 0.019539633134659378, 0.010216719223093241, 0.024104096690565346, 0.038839213925227524, 0.012786150077544153, 0.018232449538912624, 0.10153241561567411, 0.022669919206108897, 0.05973996382346377, 0.0782585454984568, 0.011310478673223406, 0.01083655091971159, 0.1249334508407861, 0.03054112807549536, 0.009758877876680344, 0.0615537432750687, 0.01013212925111875, 0.00938168829344213, 0.054827169508114455, 0.014099476492870598, 0.008768342184182256, 0.010289044525753707, 0.013710067854635417, 0.19553765000794082, 0.012200296950154007, 0.058331738619320096, 0.02379280696529895, 0.03161787153398618, 0.05184880509553477, 0.16764821639098226, 0.00997125979932025, 0.026437688465323298, 0.010992697978485375, 0.0976158391609788, 0.008913837591838092, 0.05417987158130854, 0.06294670575810596, 0.010399072400014848, 0.06755077034793794, 0.008909125584689901, 0.03881328884549439, 0.00870203744675964, 0.08463737815273925, 0.15806330635072663, 0.010748234828654677, 0.008733686959184707, 0.008723738671094178, 0.12092472193343565, 0.009890940920589491, 0.14436184659716672, 0.08570144243421965, 0.05519544871514663, 0.09644700456634164, 0.17026753870104439, 0.008890463970322162, 0.04395987816816196, 0.10843976679323242, 0.10229079842930659, 0.0589869339954108, 0.009749895587563515, 0.07522435503881425, 0.12582953876815736, 0.03251708627734333, 0.104422357300343, 0.1357128646007739, 0.04327099952213466, 0.03375328580075875, 0.04574891257639974, 0.021227466526441276, 0.03285722637986764, 0.05919338275585324, 0.011135308360960335, 0.05980762307564728, 0.00726276361560449, 0.09117216726387851, 0.07345729354782961, 0.029464795287977904, 0.014745919325947762, 0.05066381716793403, 0.22489135474483482], "NETWORK": "QNetwork(\n  (flatten): Flatten(start_dim=1, end_dim=-1)\n  (fc1): Linear(in_features=400, out_features=80, bias=True)\n  (fc2): Linear(in_features=80, out_features=80, bias=True)\n  (fc3): Linear(in_features=80, out_features=4, bias=True)\n)", "BUFFER_SIZE": 10000, "BATCH_SIZE": 32, "GAMMA": 0.9, "TAU": 0.001, "LR": 0.0001, "UPDATE_EVERY": 4, "FREEZE_INTERVAL": 10000, "LAST_STEP_DECREASING_EPS": 10000, "N_STEP_EVAL": 10000}