{"time": "2021-06-24_05-32-25", "last_steps": 2000000, "last_episode": 3297, "last_score": -96.40156978436856, "scores": [-100.03414815675752, -99.95329697385579, -0.10438385510717009, -92.82081705952845, -100.0076839521156, -99.97875187571523, -99.97612214525758, -100.06019948966389, -100.1942494631179, -99.99248633178532, -99.95477868135464, -0.12978485316784277, -0.31977175978553946, -0.15879582832500266, -100.79675760499781, -95.91398506565517, -0.16566209625774173, -0.09122098827672745, -96.76965007139631, -0.03648439156351538, -79.4196704780778, -0.03729674598997192, -95.85074435694503, -91.57283742118929, -0.10948412925356779, -97.90944879328256, -0.004222458822214522, -98.2041739042206, -0.009114507534449305, -97.96487599217461, -96.3015780861453, -98.21004372435907, -0.005680230527892143, -93.90895096541647, -65.13167306709491, -96.35135577250766, -96.24595823349755, 10.156919147289655, -92.8685597257161, -96.87639459847223, -96.78151566588829, -97.0572365804424, 7.9790528167697055, -0.05992684531857206, 14.756695611663442, -97.5136476806181, -92.54649980298139, -100.03337563549404, -1.3846117554194455, -96.35498649393939, -94.63989746837683, -97.62868082878924, -90.44100588524677, -67.04965173385956, -100.42928103721825, -82.19535351169603, -100.17727028710237, -99.41424361853247, -100.22017194672652, -94.70924778149025, -95.82720739832575, -90.10531040195195, -96.12132124797398, -94.58071899681912, -95.4164174454018, -93.16173295943032, -93.7120622120234, -95.47501621981756, -91.17289620346, -100.0253032222179, -93.42609766402205, -0.08449037846323246, -4.514877361495005, -94.72619709063072, -95.24713730858359, -92.90231460686915, -95.5356531734772, -89.98201106454373, -94.84629089630812, -96.58171682071283, -89.14588290569043, -89.60085808159985, -93.83862505687519, -91.51461372597373, -82.1040945186128, -96.41848271777056, -100.0989144142753, -88.23055531662152, -93.38099879091746, -62.906685850027564, -90.37072064872386, -70.31347005381129, -93.26299268581074, -89.2911113207251, -91.87410597857942, -94.73187748601826, -19.41189967173182, -100.71182759433277, -88.3302285787401, -87.7841221408513, -91.17444701150396, -82.81332320385768, -90.44399000091227, -100.01412050961078, -94.71764191315293, -86.06691969398949, -68.33020749716094, -95.60913884814293, -92.78181707069938, -94.1337912392775, -94.44275911289601, -89.96407816052488, -100.00136268028253, -96.80227347643495, -95.71888289328194, -90.83846059147943, -90.81414848896803, -96.0419278784543, -92.12679873657375, -96.08381918493455, -92.94647726979537, -94.16798965702208, -96.90628660739728, -96.89041880758579, -80.87312055569095, -90.01837326901095, -97.1107088916962, -75.01105685213851, -83.5729894306705, -96.29866738346568, -82.77360354310876, -94.58704895689198, -96.22174920568642, -90.97360937256668, -96.57701124519065, -96.71126562668071, -97.35230415936923, -95.85112613413921, -93.86928001134136, -95.90183489013452, -95.54782578914737, -97.14232932941331, -95.41439039820676, -11.911383316680109, -96.15896115109193, -86.49392254659948, -94.06728333403686, -96.7824303989372, -92.59941522546472, -94.7092741904856, -71.3785386435665, -95.25111109811797, -100.03840286453831, -93.83287512843741, -89.22819626360308, -94.2631247092964, -95.7455492768221, -88.89688902055516, -87.21516479533885, -91.93983177586868, -92.39108085776678, -90.85690649743492, -96.11747253705462, -56.200557460472304, -85.58350583531855, -95.48512441753145, -83.64092361804894, -96.08079011972823, -100.11938222907682, -100.0646225693247, -79.12143384317564, -100.70166078343614, -100.41440997710123, -95.343511809539, -95.31767929096382, -95.86538256713534, -16.361408813743214, -100.10952955643286, -90.4551824617619, -45.9526081996672, -85.06145261815377, -90.30559358109772, -96.03581272516459, -100.0011062618456, -100.100840763756, -71.5222445306649, -96.25993976815933, -33.14974701570732, -96.38504148116876, -86.90400281514384, -93.35767028278741, -100.06851536752036, -81.7880989184868, -95.92640647409331, -96.34568543689745, -96.4326727059018, -96.7405798701184, -96.32924057827952, -95.12209812672184, -96.40156978436856, -91.55722986867265],