{"time": "2021-06-24_04-40-21", "last_steps": 2000000, "last_episode": 6286, "last_score": -0.1589522853545, "scores": [-100.0646087364415, -99.93147904327121, -99.98710381119541, -100.14641588511843, -99.89234513745515, -100.01445967353523, -99.97417267601517, -99.99328655284356, -100.14779413084773, -99.88206879246545, -99.99275245586028, -99.95511393359818, -71.14315631330692, 0.29664881346614314, -0.016392089888658236, -86.44221491156242, -84.31551485499828, -0.23753705933678676, -85.1363156157928, 6.026519816533339, -90.73382630157184, -91.61119803642546, -90.6009669097564, -45.48357555241023, -84.26174175370346, -90.89476502959363, -92.03075948732956, -90.72600345298208, -91.68424315954785, -96.1648252515802, -92.04815680551879, -85.56330707044974, -96.02790725894258, -91.50617224339065, -82.41705303023635, -0.6920451010139033, -90.3523568967757, -75.76745926742869, -0.10985769550332283, -85.33192211583564, -90.9167792208616, -13.499075335439825, -89.53646851875754, -96.73611785232518, -0.3945403822284402, -94.44070455752629, -13.755991617209657, -0.13451115335679706, -82.70630478777443, -0.14354147956031643, -99.97458461701677, 1.699043593873568, -69.01171292304385, 0.8812035876322595, -74.96096053713343, -95.25569231792824, -48.742075521478036, -94.56237289254747, -84.00540423703758, -96.68891590324341, 19.535326526392556, -0.3142382149005536, 1.3675547807723984, -17.286899174479373, 1.2158437091710586, -34.458701657084994, -91.84550980575271, 25.64862068767678, 2.020174769594876, 0.2345727811486577, 5.771231985196466, -100.31316443396369, 2.063282517595373, 4.510638137242757, 4.861359130850311, 8.193914219611475, 12.02912215946428, 2.644080842459127, 14.289158972488819, -0.061690667996820485, 11.453915031889181, 22.346569521541724, 65.98031996766612, 7.298309150970101, 10.496069379912692, 25.391249686226114, 15.171306072095902, 4.983474092407534, 27.566422155049974, 98.1039557765646, 36.86073845327718, 5.843908714150675, -0.07289168613189845, 43.49221674569551, -100.03695939025518, 16.49458706042076, 52.57998686494559, 25.030145577597676, 15.749140505595282, -0.601096991173954, 24.556776893497908, 22.278272610953127, 48.0971563560794, 14.80268498656514, 34.0100616426454, 10.622043823459956, 22.677879172311915, 29.675125978029254, 16.920406358952256, 68.30217666724214, 27.276769459617704, 21.595868287192367, 99.09828643224947, 18.20875836539956, 18.91615908130663, 26.59222915931912, 9.398226369525542, -0.12360718907090164, 11.714068297742296, -0.1441066998855746, 75.54010183829028, 92.86309078770655, 11.098794582342778, 49.149881817738276, 56.040226696183566, 27.283860976562472, -41.67848934701919, 0.6497633970213983, -0.2339287084991978, 2.04543510793276, -99.85523366342618, 12.15081662280115, -63.35876501773864, 22.664880025535016, 60.48514784336796, 59.98524080311636, 85.39223028645029, 12.12999867629111, -1.4968611822881606, 8.948724073406549, -99.81114432478597, 48.49325139658484, 45.91560074960675, 48.13869778468898, -99.85118721733146, -99.97915172394481, 33.628695031172434, 24.014644267244808, 96.1206818793508, 14.271181304243477, 32.00263951689984, 37.80381164507817, 23.487025665533928, -0.08634152542575303, 40.02263028992318, -0.11749487750971833, -0.03901261931472668, 22.342867157069072, -99.99405302713944, 0.30235565848094825, 3.059628680035729, 1.226730034011523, 91.95745540766556, 2.6414737528146452, 41.595760556596794, 79.44669413646581, 17.44637532445551, -0.5063315521712659, 32.05386122301798, 79.43547983226176, 0.45685010410752364, 13.058024397009463, -0.09223137977128681, -0.03979070417386706, 47.27850995329003, 28.61990031212186, 39.89193502429122, 38.381261241977455, 36.4535757062673, 15.347907008493094, 1.3059285169520845, 33.271919044210634, 22.335416976025243, 0.7092327874762223, 16.80903706891503, 81.1998093867647, 27.024266680287038, 32.34174534511713, 39.298040452118876, 0.12732000343909738, 21.852092553511234, 19.36343808308483, 0.308160324337583, 26.609343640449243, 28.86119082040535, 23.035254506445234, 21.499926534862713, 27.354527742152086, -0.01039878550289332, -0.1589522853545, 85.04811959466916],