{"time": "2021-06-24_04-56-14", "last_steps": 2000000, "last_episode": 5457, "last_score": -0.04014490632584214, "scores": [-100.16937508665632, -100.01337405150252, -100.00527169247592, -99.9831898718888, -100.03899731122951, -100.28375627688378, -99.98506162604517, -100.00074423438747, -100.00067988580476, -99.93460870705619, -0.05215555194726376, -99.8905610760601, -0.09572185497438183, -0.15264407127150437, -94.18623872534255, -82.75014179055948, -96.8187784296246, -93.46159830923406, -94.77816240787719, -96.24566602914044, -90.26702622195597, -93.81979147685966, -91.18624312071151, -89.37157665428472, -95.41787297369306, -0.145237443517497, -92.12815515249756, -50.21905331722466, -94.8849243972939, -94.91118507205076, -96.19879965712433, -95.37645491267673, -91.55360563335589, -92.27921000100436, -96.21457537771695, -84.92492341936905, -0.14243008082427996, -95.33572866281989, -96.55419156934252, -96.3189507469167, -97.68831065787248, -95.15389477613812, -97.60393672769489, -91.2822211321532, -93.71317489656718, -97.5994723683201, -97.12177331144214, -97.1063161642048, -4.032439671624424, -96.13781184952985, -96.81824951878791, -97.20150625694181, -90.71424320573459, -97.71313719426023, -97.62487180460134, -97.7173259240737, -97.52348990893569, -0.08819575589843903, 0.00023246359892680602, -97.63036837766728, -96.07698403064691, -94.79145247792225, -91.12565880248253, -97.51766808891846, -0.36485953184623654, -0.08182043343193877, -96.80050413974433, -0.356002850706006, -1.22255590026582, -0.10245500794507349, -0.09043245463939081, 21.7952550218601, 17.51312426946045, 19.0060567762475, 6.35625088778398, 4.825680727035458, 27.29327181491133, 23.306748373012923, 5.9440258613581936, 22.06542949606492, -66.2515924467321, 40.038257155702745, 13.619034580004353, 30.002308109459875, -84.31165959224393, 30.022083032528393, 8.758886706406091, 12.050492957221943, 0.44145701258749964, 27.669335874831347, 12.590710084264536, 1.6355117984095844, 13.628592964479072, 15.650916805861133, 12.619535848504897, 21.589199589147498, 85.53380544583297, -0.08234545992541074, 21.672062895451887, 62.60727453755273, -100.00163438260236, 3.9909978368976677, -44.75920910198013, 19.42397842383827, 3.820885472130015, 15.502968987559866, 3.6243192072838535, 40.44416841295296, 10.829983800961283, 6.51408591598911, -40.714756159531184, 1.7710465892243725, 24.382366492749803, 6.3065785572226245, -0.09408022338336725, 13.482586601387302, 16.93501729185699, 26.796552046446234, 6.6250863837998, 0.021614440471897495, 17.47131437894807, -0.24295776216609452, 31.700890927421312, -0.13166680875075376, 13.679629595235893, 8.427416513446083, 85.26895083676703, 0.26078713186988745, 16.532787113327593, 17.17189895215675, 1.2262110687496206, -99.98617751941988, 29.837289511750647, 89.98858680368076, 41.583763555291206, -99.92108528098527, -99.99634961452517, 41.52402203234362, 14.945490085797939, 20.702111159259648, 0.8179534962717827, 11.125251783413635, 13.240006655218385, 0.2536376359552665, 3.0634616654195836, 27.074936725575217, 11.29336604718041, -25.061759262307163, -0.10275426922954087, 19.9444277775697, 22.195055802013023, 11.357237473344297, -0.1265819300285592, 10.282136887350088, 18.539426330023, 1.0135056994379061, 44.377359578146745, 18.07385966544216, -95.86652597101275, 7.568592594638558, 17.99477676100008, 45.44131206425759, -0.06395565522578339, -89.61494575990487, -76.59319111466964, -100.62184227691016, 15.28338619287179, -99.919650993819, -99.9552502898007, -0.848099119577127, 6.6800772424425245, 7.817096075079495, 7.146642720499594, 2.0480728671583357, -31.38657680780576, -99.91940554004918, 20.14845479370959, -0.21773876377180731, 6.711908015190133, 23.819456217778313, -99.96189307879804, 20.402992953539215, 4.145848059111736, 46.227522286938644, 31.11856488524442, 15.471606680653151, 19.383526605052143, -0.1290717604793627, 34.6191283157818, -99.84029325951158, 4.059771625676745, 14.514737824348588, 3.4030956851368, 11.93948458775809, -0.6309948017969529, -77.52341333966507, 34.29765354740207, 26.62122417870561, -0.27956408099711116, -0.04014490632584214, 76.18067280133769],