{"time": "2021-06-24_05-00-37", "last_steps": 2000000, "last_episode": 4778, "last_score": 9.251568814409922, "scores": [-99.97434896562781, -99.96676162787134, -90.31636381010783, -100.03789109403434, -99.9890013150734, -99.99275527518132, -99.89647294660163, -100.04076859771354, -99.97882002930169, -0.1173174977637859, -0.10708297733511331, -99.97956194745062, -0.1698775543266681, -99.87289569094587, -99.94999435348694, -89.26474118123689, 0.05154135328051692, -95.51273051869275, -93.12473147426682, -90.69227843147814, -94.17941446161072, -92.0057941709015, -95.25943653577464, -97.1145462029809, -96.24773945065299, -96.16008090934355, -95.392003777418, -95.82492602731324, -96.90386315605409, -97.24117367286834, -96.93655915201953, -96.92059702482665, -97.13434132894166, -98.04457097001544, -96.36496899290405, -97.4159939112152, -89.57350285812525, -96.21304468063391, -97.26725077409115, -96.74791999695901, -96.57928281084689, -95.19321429728848, -97.1626198126258, -95.98532051175006, -97.56456906431512, -97.26084652389999, -97.53558944792861, -0.07998867959672445, 0.03999011931617995, -83.6252103570197, -96.41769299595494, -96.79701442505609, -0.06478652362978408, -0.023880491289922458, -96.57192673700355, -97.1574779804345, -97.63657015006433, -81.14441389336572, -100.18572445271099, -0.4701663306486992, -90.80685578721578, -95.07343154424927, -96.11188691292534, -94.48206080348724, -98.12228595124118, 3.4636160604431057, -90.665239024441, -98.21109856858335, -97.53310349311676, -94.36229881043462, -95.64616743202882, -98.14589921420303, -0.655844634408476, -96.20826427909566, -96.30550585319277, -81.75175754255959, -95.19151145102046, 60.51265752605703, -0.2229556637374352, -92.06298482418016, -95.4194214739683, 39.46371760835552, 11.894871722339763, 0.08694595951973334, -82.00507912259248, 2.6169897533976427, -74.24301420899162, -0.1983854303524518, 0.1841546703784172, 9.359286795291634, 1.467767738285366, 1.9320815539670824, -2.9382654098599876, -87.86657514985178, 8.232888259301502, 9.441307167358085, -93.61648490242452, 1.2351483737997224, -1.8020725098323738, -0.007096617360280873, -99.53920940711534, 13.99534535890434, 1.4684093003334167, 3.081237896544064, 6.808231013715392, 0.5750935400457686, 14.183158625157137, 29.85373124333803, 2.329928240948822, 6.230241025574972, 1.344522787710858, -99.94683573352968, 10.482336332228005, 1.7145136124547686, -99.4669170069059, -100.02655251802172, 18.80042252560651, 10.640993814975122, -34.85268364124963, 12.773927859990767, 4.223194869591579, -100.038601236837, -82.71618744208564, -99.98827506430868, -100.16100906154115, 6.492936780898261, -0.03161551397755729, 1.2870272598069847, -99.97712019406092, -75.90844035747541, 4.834199661615269, 6.860878490238445, 14.104521878179458, -0.09894057482699291, 8.517431974310052, 25.511736638226697, 12.16117401089762, 7.547380514224063, -0.1601737996039357, 59.042950260070015, -99.9910917169751, 1.2445024393934534, 8.710677549962789, -0.23368709831307038, -97.10146297659229, -100.03924971052123, -61.270190610704006, 6.13173083062428, 0.6941828686476208, 24.924211829042672, 4.058690509262791, 8.566592190723858, 18.414640836658513, -94.3796163259316, 2.913274812244743, -99.99789772227959, 0.14102299638034527, 4.819471146841863, 18.732106407070187, -94.0803584475328, 31.1501038830499, 22.748020433887184, 17.675020643224578, 49.715104082880465, 13.5905217554828, 1.68005770777067, -0.014939237428886325, 13.857273107570771, 11.072564689584762, 2.6707210610556924, -64.05004676061135, 24.951520969886985, 16.20367945218022, 14.310541634187214, 3.1920143937006884, -0.06922988994553163, 4.853887150508087, 27.04850163322286, -0.04234802834257088, 38.6825991385162, 11.99960124447879, 45.019823854864065, 41.13169103682093, 27.823077708491386, 5.672356483687008, 13.006099511610556, -0.0792334876554834, 29.073827857696873, 18.855855958077576, 63.17762620194872, 80.42351709808332, 9.03603342829004, -0.1848952212108864, 0.7976357678270758, 24.98122081079325, 6.049896483577017, -0.0865130486571461, 15.027210836243125, 12.073451555653318, 9.251568814409922, 1.640385008471984],