{"time": "2021-06-24_04-43-40", "last_steps": 2000000, "last_episode": 5948, "last_score": -0.1253546791834113, "scores": [-99.97369695654457, -99.9838706639376, -92.47761808375996, -99.97924904485083, -99.85864407595338, -100.16485223216932, -99.94152451494213, -100.02846828239943, -100.0, -100.01339036027868, -99.94819553040988, -87.36840254162082, 1.1291701863980077, -0.1689041842058022, -91.20061934005702, -92.80725807614442, 0.15090793129713556, -81.19081329118079, -87.43144042515007, -77.41746455469587, -91.15420436863809, -93.8732662605899, -93.11515294244944, -94.86226129823679, -90.16179964584376, -94.94272303548881, -96.16331941971471, -86.56991337724965, -96.34464140752284, -96.7033411924635, -0.06719554910624849, -0.5207701097104644, -0.09778105246821815, -4.574067930316704, 0.7441267325762972, 4.0481053717983935, -0.12865875416463549, -94.02020334554335, 8.204556224806641, 1.6304442742133407, -61.53903611716598, -0.19263603922176914, -0.28788516787815666, -0.4443849138161341, 1.2460850733832527, -100.08141656702865, -0.18834319475066527, -96.55236237602615, -0.12613854684700712, 2.07012135227951, 0.6296205922308119, -0.07901771371945253, -0.17053867590882818, 11.77086762937381, 16.549567447685284, -24.136879385254602, 3.804289930736476, 7.539350261485744, 2.726053182163277, 10.602837533297993, 8.329833810361821, 2.401888594879832, 8.757681295646298, -99.92448403475039, -100.39730642286618, 8.669532245519713, 4.246404949472014, 36.832361224447425, -71.11127420165839, 0.9668211989973567, 59.8148906339339, 11.605361465688341, 18.652817520844003, 74.68888580354331, 11.187906955972284, 13.335022483923423, 5.306433632778505, 3.862150466586819, -99.87426920124891, 69.96377821980774, 34.79542185296364, 17.643356422694037, 5.3145783381081015, 0.08103337804414715, 2.4369796456708186, 2.841190213410595, 17.63885198382399, 17.931872659276255, 0.2968089711652201, -99.90473256338882, 54.62204378968722, 18.728029353831975, -0.09401118265429127, -0.08647902880748462, 36.780745313266664, -74.43289096454104, -99.95197014192361, 17.079620356631267, 4.2179421948456355, -0.117436248778611, 58.84227405225704, -99.9014339602431, 0.5096688907780104, 15.714960935446456, 13.436977122195355, -99.9867813303655, 50.67150664811484, 14.044966914453793, 19.202100839477957, 33.23759039423824, 14.513907432897632, 8.541875663291266, 35.39403355850336, 0.024918665044521678, -0.07425751225517775, 66.72104145246182, 8.287654423199584, 53.89697062024221, 1.9250140243066896, 14.714669887585007, -0.0893859876291919, 53.24911592093462, -100.02444740187168, 14.611805721937994, -22.537730066604862, 36.350444068472946, 4.904036971684576, 13.088429067088079, -92.18006261196008, 15.411809234655554, 8.095760612398276, -100.02960434243008, 5.294829525782906, 5.448791336831477, -96.95544747867294, 15.726871388234969, 53.14663483012174, -96.9060680768475, 33.43448007017102, 2.729636016814151, -0.04880458897737168, -0.12107427637472533, 0.020456046372840302, 2.4929838849744796, 0.024446964897062932, 8.815579506146932, 1.4042197732929769, 7.593485194953079, 8.129778930648952, 7.643449813686889, 0.5537889160405344, 8.658041306517765, 11.36358981604788, 13.927606213301523, -0.11076605801897686, 1.6221793388378378, -100.0620873249065, 0.2348393204844847, 6.557201237856667, 93.18747809550827, -94.81310974525185, -92.14714572191905, 13.590631281814929, -0.08250408465685567, -0.34706591467134734, 4.812638214624832, 6.258428316301154, 58.65260571150168, 20.226107459379286, -0.11019233862164982, 14.377326921062187, 9.284889663092887, 5.1675138997126435, 19.667391873211567, 12.568454389838195, -75.34224759010651, 38.477434907606586, 51.853420711551514, 71.99721394534978, 19.030551204092703, -16.56133550788753, 2.553460163162909, 17.284631807831662, 0.7215214997572065, 31.147310844525503, -100.09757555772637, 16.629357091738676, 0.60910787027362, 28.165290219532324, 35.139456409335494, 60.73112582400338, 77.91950430989911, 94.71113632753952, 65.74828460035647, 29.81151268928246, 14.08660005186663, 42.26777872217719, -0.12351098655446571, 21.411314308630075, -0.1253546791834113, 0.009673718434827745],