{"time": "2021-06-23_09-38-37", "last_steps": 2000000, "last_episode": 42165, "last_score": 0.3816793893129771, "scores": [-1.0, -1.0, -1.0, -1.0, -1.0, -1.0, -1.0, -1.0, -1.0, -1.0, -1.0, -0.8620689655172413, -1.0, -0.09090909090909091, -1.0, -1.0, -0.9240506329113924, -0.8348623853211009, -0.979381443298969, -0.6666666666666666, -0.9207920792079208, -0.13333333333333333, 0.02702702702702703, -0.5714285714285714, -0.6363636363636364, -0.6, -0.3333333333333333, 0.07692307692307693, 0.1791044776119403, 0.046875, -0.1564625850340136, -0.8181818181818182, 0.6384180790960452, 0.27710843373493976, 0.5668789808917197, -0.44144144144144143, 0.6182572614107884, 0.7016574585635359, -0.22981366459627328, 0.6904761904761905, 0.4611872146118721, 0.6764705882352942, 0.5827338129496403, -0.3473684210526316, -0.22362869198312235, -0.18518518518518517, 0.3238434163701068, 0.753968253968254, -0.7355371900826446, 0.5900621118012422, -0.3852140077821012, -0.12840466926070038, 0.17333333333333334, 0.626984126984127, -0.5229357798165137, -0.7706422018348624, 0.7575757575757576, -0.07086614173228346, -0.10714285714285714, -0.0379746835443038, -0.047619047619047616, -0.5983263598326359, 0.22935779816513763, 0.7509727626459144, -0.35135135135135137, -0.2721311475409836, 0.005076142131979695, 0.7283950617283951, 0.6296296296296297, 0.6363636363636364, -0.12883435582822086, -0.36231884057971014, 0.6190476190476191, 0.4463276836158192, 0.7333333333333333, 0.46564885496183206, 0.39923954372623577, 0.256140350877193, -0.17647058823529413, -0.09090909090909091, 0.4013605442176871, 0.14285714285714285, -0.3114754098360656, -0.39855072463768115, 0.425531914893617, 0.12605042016806722, -0.7894736842105263, 0.5100401606425703, -0.1901840490797546, 0.10204081632653061, -0.17365269461077845, 0.47368421052631576, 0.35714285714285715, -0.25888324873096447, 0.535483870967742, 0.5797101449275363, -0.13553113553113552, 0.09417040358744394, 0.18, -0.43790849673202614, 0.678714859437751, -0.015873015873015872, -0.6870748299319728, 0.39194139194139194, -0.10179640718562874, 0.6060606060606061, 0.7272727272727273, 0.28, 0.7211155378486056, 0.6382978723404256, -0.3034825870646766, 0.625, 0.6145454545454545, 0.2620689655172414, 0.6972111553784861, 0.3411764705882353, 0.6148148148148148, 0.056338028169014086, 0.29545454545454547, 0.5330739299610895, -0.40412979351032446, 0.7318007662835249, 0.5704225352112676, 0.2391304347826087, 0.039473684210526314, 0.5333333333333333, 0.36231884057971014, -0.30578512396694213, 0.7894736842105263, 0.6692307692307692, 0.4867924528301887, 0.42745098039215684, 0.41263940520446096, 0.42483660130718953, 0.8313253012048193, 0.5390946502057613, -0.33774834437086093, -0.3611940298507463, 0.5886524822695035, 0.5880149812734082, -0.14487632508833923, 0.5081967213114754, 0.5470383275261324, 0.6245210727969349, 0.7054263565891473, 0.528957528957529, 0.2511415525114155, 0.48363636363636364, 0.4076655052264808, 0.583941605839416, 0.7606177606177607, 0.7391304347826086, 0.6067415730337079, 0.5801526717557252, 0.17647058823529413, 0.744, 0.7559055118110236, -0.326007326007326, 0.5625, 0.624, 0.19444444444444445, 0.12041884816753927, 0.6481481481481481, 0.6833976833976834, 0.6075471698113207, 0.1889400921658986, 0.25252525252525254, 0.6833976833976834, 0.8054474708171206, -0.6014234875444839, 0.6102941176470589, 0.6235294117647059, 0.575091575091575, 0.7089552238805971, 0.49606299212598426, 0.539568345323741, 0.7011494252873564, 0.5664335664335665, 0.5137254901960784, -0.17842323651452283, -0.11764705882352941, 0.6976744186046512, 0.6452830188679245, 0.7786561264822134, 0.6, 0.7925311203319502, 0.6457564575645757, 0.45054945054945056, 0.34591194968553457, 0.3609022556390977, 0.6967213114754098, 0.25547445255474455, 0.12903225806451613, 0.33088235294117646, 0.11688311688311688, 0.5232558139534884, 0.36551724137931035, 0.6384615384615384, 0.4264705882352941, 0.3816793893129771, -0.29961089494163423], "value_est": [0.09518110737279058, 0.14773722863271832, 0.16400331811830401, 0.15837563162446022, 0.14193642444461585, 0.12933068904653192, 0.12431811681836843, 0.11970200607776642, 0.11931435453370214, 0.11259072569906711, 0.10313307199254632, 0.10080360000133515, 0.09693181142508983, 0.1090225340232253, 0.08586147762909531, 0.07654589445143938, 0.08437063271179795, 0.09002388136386871, 0.07527468038201332, 0.07401346571817995, 0.07664218046814203, 0.09342675862684846, 0.09045599824488162, 0.07413403057157994, 0.08332784807160497, 0.06913889910429716, 0.06977954507619143, 0.07328975784778595, 0.14577837484590708, 0.13305708777196706, 0.12755460180416703, 0.0901880692154169, 0.19759147883951664, 0.13567055976390838, 0.1829677465900779, 0.12901264111213387, 0.2613242547728121, 0.22214349023737012, 0.13706168909445404, 0.20597218074277043, 0.2327676603347063, 0.28058047558777033, 0.16979856015071274, 0.13182163344286382, 0.1614142107591033, 0.18256377339735627, 0.2582621293511242, 0.2771923382371664, 0.0865036815110594, 0.2027085582472384, 0.14511261503063141, 0.17862057620733976, 0.18702063460201024, 0.27361487899012865, 0.13760492326170207, 0.08611525742672384, 0.11754729232490063, 0.17893355558440088, 0.13289182596318425, 0.13741646259725093, 0.14400204886980356, 0.1056918397370726, 0.14013729767352343, 0.272424855209887, 0.0719087237238884, 0.1647218585923314, 0.1537369070738554, 0.20370379728227853, 0.204896428148821, 0.1729775814116001, 0.1197357388727367, 0.10323972321152687, 0.23519699729382992, 0.20613268406540156, 0.2363797750979662, 0.2533855982273817, 0.2504436292268336, 0.25435052246898415, 0.1457549709443003, 0.06691846026405691, 0.1689227514177561, 0.15819133544303476, 0.12359229184500874, 0.14020476935096085, 0.19943295048214496, 0.13711120972000063, 0.06977030807808042, 0.2551636861398816, 0.1293459942907095, 0.14305201281458138, 0.12838096077404917, 0.1967805302195251, 0.12513224494569003, 0.13487092809528112, 0.18080854331478477, 0.16794815213158726, 0.18054562110006808, 0.1760947467289865, 0.24287359682172538, 0.12849812839105726, 0.26081838431693616, 0.1810214607298374, 0.06531642965748906, 0.24767681250609458, 0.13631527464427054, 0.11175503907501698, 0.1672362110711634, 0.24031681345850228, 0.25887807769365606, 0.1282367458011955, 0.1217365248799324, 0.253119514400512, 0.2683934491701424, 0.2468146738063544, 0.26016522594355046, 0.1714633423317224, 0.2605585260361433, 0.13218737492486834, 0.17591516205854713, 0.2576074793048203, 0.14620270472764968, 0.2723316314280033, 0.2702138380341232, 0.11814818011783064, 0.14225332356467843, 0.19137013490721583, 0.25811269188970326, 0.1374373709589243, 0.20160937053710223, 0.27314343157932164, 0.26139430667236446, 0.24717887327633797, 0.2582586426459253, 0.16618154623284936, 0.2723432889100164, 0.2326793447561562, 0.15895161722563206, 0.15863533354587853, 0.16167023084685206, 0.2581132461141795, 0.16918102310299873, 0.1843826186284423, 0.2600177595354617, 0.261199243593961, 0.2652631536133587, 0.25258760074675085, 0.1833732404511422, 0.26083550568595526, 0.2602468668550253, 0.26324864637851714, 0.2635475939050317, 0.1868020283997059, 0.19162789687886833, 0.2535283604636788, 0.14772072415985166, 0.26174488968923687, 0.26643465416282414, 0.1417910028029233, 0.2661453847311437, 0.2608452945563942, 0.236138775222376, 0.16113023456782102, 0.14232009173110127, 0.26281045235209166, 0.2626498543038964, 0.17584671803936364, 0.19151339683048427, 0.26606761855706573, 0.2705560166034848, 0.09912326958291233, 0.2626116021070629, 0.2451805814731866, 0.260570966463536, 0.2715868336439133, 0.14831012063771487, 0.15800569625757635, 0.2672312704704702, 0.2671401608943939, 0.2577068930990994, 0.15705100011192263, 0.12791709349788724, 0.2700292476065457, 0.2726852483779192, 0.2663131900295615, 0.26162448873743416, 0.25931529459767044, 0.26493719712123276, 0.2569014083582908, 0.1648595613412559, 0.2464771780155599, 0.25590425841882825, 0.14264975766278803, 0.2409889196753502, 0.2429974251769483, 0.23336157012619077, 0.18310717001631857, 