{"time": "2021-06-23_09-34-45", "last_steps": 2000000, "last_episode": 45292, "last_score": 0.569811320754717, "scores": [-1.0, -1.0, -0.5, 0.5, -0.45454545454545453, -0.5384615384615384, -1.0, -0.9813084112149533, -1.0, -1.0, -1.0, 0.44, -0.6666666666666666, -1.0, -0.9880952380952381, -0.801980198019802, 0.06896551724137931, -1.0, -0.8823529411764706, -1.0, -0.256198347107438, -1.0, 0.3333333333333333, 0.4722222222222222, -1.0, -0.8405797101449275, -0.3275862068965517, -0.9444444444444444, 0.06766917293233082, -0.033707865168539325, 0.20754716981132076, -0.5555555555555556, -0.5300546448087432, 0.5138888888888888, 0.25287356321839083, -0.3006993006993007, 0.48201438848920863, 0.5555555555555556, 0.6805555555555556, 0.75, 0.7567567567567568, -0.04522613065326633, 0.7333333333333333, 0.539568345323741, -0.2857142857142857, 0.05829596412556054, -0.15508021390374332, 0.024793388429752067, 0.5688073394495413, 0.7903225806451613, 0.7857142857142857, 0.6530612244897959, 0.7293233082706767, 0.19718309859154928, 0.453416149068323, 0.6, 0.7908496732026143, 0.44370860927152317, 0.48201438848920863, 0.6268656716417911, 0.5875, -0.6982456140350877, 0.1872146118721461, 0.5632183908045977, -0.28, -0.19367588932806323, -0.18181818181818182, 0.712, 0.6731517509727627, 0.7186311787072244, 0.6962962962962963, 0.6994219653179191, -0.6293706293706294, 0.6470588235294118, -0.23076923076923078, 0.11, 0.17525773195876287, 0.6712328767123288, 0.5074626865671642, 0.5512820512820513, 0.5606060606060606, 0.648854961832061, 0.7350427350427351, 0.24324324324324326, -0.10780669144981413, 0.5622641509433962, 0.6733067729083665, 0.5733333333333334, -0.2823529411764706, -0.41708542713567837, 0.689922480620155, 0.7662337662337663, 0.07936507936507936, 0.6108949416342413, 0.3284132841328413, 0.7153846153846154, 0.8040816326530612, 0.39299610894941633, 0.44242424242424244, 0.5070422535211268, 0.7054263565891473, 0.5, 0.6171875, -0.29411764705882354, 0.5070422535211268, 0.5490909090909091, 0.3935483870967742, 0.7099236641221374, 0.13170731707317074, -0.11827956989247312, 0.6354166666666666, -0.024, -0.3707865168539326, 0.31386861313868614, -0.22929936305732485, 0.44947735191637633, 0.7433962264150943, 0.6307692307692307, 0.6273764258555133, 0.608540925266904, 0.584, 0.6304347826086957, 0.8395061728395061, 0.4826254826254826, 0.1838006230529595, 0.35251798561151076, 0.5306859205776173, 0.5480225988700564, 0.2138728323699422, 0.7803921568627451, 0.6090225563909775, 0.3546099290780142, 0.42948717948717946, 0.4791666666666667, 0.8023715415019763, -0.18543046357615894, 0.7734375, -0.15625, 0.7251908396946565, 0.6929133858267716, 0.1773049645390071, 0.23588039867109634, -0.4068441064638783, 0.34532374100719426, 0.7348484848484849, 0.3790849673202614, 0.6515151515151515, 0.5956678700361011, 0.3687707641196013, -0.6294117647058823, 0.8125, 0.6423357664233577, 0.3712121212121212, 0.6356589147286822, 0.5501730103806228, 0.631768953068592, 0.2620689655172414, 0.34814814814814815, 0.6230769230769231, 0.6101083032490975, 0.6666666666666666, 0.7557251908396947, 0.5454545454545454, 0.7549407114624506, 0.5598455598455598, 0.609375, 0.6045627376425855, 0.690566037735849, -0.009345794392523364, 0.5808383233532934, 0.5854545454545454, 0.48717948717948717, 0.13230769230769232, 0.7348066298342542, 0.667953667953668, 0.700374531835206, 0.18543046357615894, 0.722007722007722, 0.2871287128712871, 0.7451737451737451, 0.6363636363636364, 0.23076923076923078, 0.7709923664122137, 0.7549407114624506, 0.6442687747035574, 0.5893536121673004, 0.3003533568904594, -0.36507936507936506, 0.688715953307393, -0.9786096256684492, 0.47601476014760147, -0.037037037037037035, -0.037900874635568516, 0.48872180451127817, 0.5939849624060151, 0.010238907849829351, 0.6640625, 0.7384615384615385, 0.6617647058823529, 0.569811320754717, 0.35251798561151076], "value_est": [0.10578139693811536, -0.0035985973478294907, 0.1082025972429663, 0.10513365089148283, 0.1004534947834909, 0.09474068342149258, 0.09573303499296308, 0.10606688500344753, 0.09747841327488423, 0.09131051664799451, 0.09269090526029468, 0.10368022400811315, 0.0867317066371441, 0.08876290001794696, 0.084046577847749, 0.08614803669452667, 0.10508849908262491, 0.07304040123075246, 0.07154793118685485, 0.06893931837752461, 0.11232939322032034, 0.06913573176302015, 0.07401649730168283, 0.11738353242389858, 0.06466867723837495, 0.07151533580571413, 0.09463090027794242, 0.06231156722679734, 0.1258012975912541, 0.1534314355455339, 0.11727147479355335, 0.11143105843476951, 0.10182501396499574, 0.15958130994699896, 0.17116231988966465, 0.15988090699128807, 0.1574958836980164, 0.1700998889464885, 0.16981938395015894, 0.18590028629936278, 0.17611201418638228, 0.1652865087751299, 0.25655271944217384, 0.16270146425925194, 0.12320222842693329, 0.17083795729391277, 0.14008462302722036, 0.12587278568968177, 0.2232170999471098, 0.1702390060700476, 0.27237722133360803, 0.14581601554602386, 0.27284720452465117, 0.14406774460114538, 0.18462713599093258, 0.14064454061761497, 0.18911726935766637, 0.17121289176493884, 0.16643408835381268, 0.17263858524374665, 0.18838124299943448, 0.10055890649817883, 0.1854348597150296, 0.2702942927192897, 0.15502709632590414, 0.16191009832955897, 0.15137556313760578, 0.2680537863332778, 0.2728301559202373, 0.2711610331505537, 0.2734920370873064, 0.19431692558825017, 0.1082269232980907, 0.26952138794884084, 0.15091636719778181, 0.16083378130458295, 0.1552441024709493, 0.17838441674225033, 0.25866744659096, 0.1754954767573625, 0.26320027668401597, 0.15872645226381718, 0.2525626910913736, 0.14923762952946126, 0.16582210193425417, 0.2563044340286404, 0.25881506684049965, 0.17127116428762673, 0.10965063626132905, 0.11144034969806671, 0.2682314577225596, 0.17970167636685072, 0.1470085785407573, 0.265112605138123, 0.245950651839748, 0.2706134194429964, 0.2625587276097387, 0.24011145308762788, 0.17406625185236335, 0.16763384030424058, 0.27054124061688783, 0.2651771664652973, 0.26839115770086647, 0.1468891790173948, 0.17549211633987724, 0.2710843504413962, 0.16341325448937713, 0.27031549066640437, 0.16606141327656807, 0.1796965549658984, 0.20404726374819876, 0.17129057331234215, 0.1464038169130683, 0.2544907666265965, 0.16888622583784163, 0.2645350329320878, 0.2711940468251705, 0.2671102552253753, 0.2628230624169111, 0.2680001523185521, 0.24927769798710941, 0.12746511113829911, 0.19110828546844422, 0.2507204886954278, 0.24346838615983724, 0.23827108949683606, 0.2607400299973786, 0.1911912683892995, 0.1654639015622437, 0.263615899611637, 0.26379536048211155, 0.25102221407592296, 0.25948180416822436, 0.2619325910855085, 0.2669194989450276, 0.17674032739549875, 0.2651658637005836, 0.15529012709408999, 0.2702451067123562, 0.2540141155205667, 0.2309248867444694, 0.2477203427374363, 0.12799135624505578, 0.24117569292746485, 0.2655159132298082, 0.2569208372298628, 0.26285476401038466, 0.26360129343122246, 0.2581544545900077, 0.1003625228509307, 0.26672198472954334, 0.26480976628810166, 0.2455759644869715, 0.25354191523753106, 0.2640293235231191, 0.2644825868334621, 0.24493903187736868, 0.24239669880233705, 0.2652470011305064, 0.26752186106443404, 0.2631105414543301, 0.26645478783249854, 0.262536810381338, 0.2638728634312749, 0.25728981144540014, 0.26449735782705247, 0.2625036195136607, 0.2637696178492159, 0.1477508484624326, 0.17820248033776878, 0.260805511822924, 0.25637884726561605, 0.23368457278124988, 0.2011924753975123, 0.2600532424785197, 0.2629390405513346, 0.2371312029685825, 0.26145933530870824, 0.23493329351842404, 0.26357879889793695, 0.21154179336503148, 0.228996100936085, 0.15489571770206093, 0.26241118565164506, 0.25978635352402923, 0.25799254060983656, 0.2512449154153466, 0.11919935480728745, 0.2656805683348328, 0.040334819413721565, 0.2553339999768883, 0.17588461672887207, 0.22998032228909432, 0.2540615748420358, 0.2617008841969073, 0.22154092472344636, 0.2620987672291696, 0.2634314006574452, 0.2622071137148887, 0.26003140372112393, 0.24776509650740772],