{"time": "2021-06-23_09-37-44", "last_steps": 2000000, "last_episode": 42878, "last_score": 0.6940298507462687, "scores": [-1.0, -0.9904306220095693, -0.5, -0.5, -1.0, -0.5, -1.0, -1.0, -1.0, -0.3333333333333333, -1.0, -1.0, -1.0, -1.0, -1.0, -0.9183673469387755, 0.55, -1.0, -0.967741935483871, 0.6585365853658537, 0, 0.14285714285714285, 0.42857142857142855, -0.25, -0.5294117647058824, 0.4090909090909091, 0.16666666666666666, 0.21739130434782608, 0.16216216216216217, -0.6879432624113475, 0.4, 0.559322033898305, -0.4358974358974359, -0.2484076433121019, 0.577639751552795, 0.2222222222222222, 0.6, -0.4315068493150685, -0.25842696629213485, 0.3473684210526316, 0.6190476190476191, 0.20863309352517986, 0.37254901960784315, 0.7297297297297297, 0.12380952380952381, -0.3953488372093023, -0.5819209039548022, 0.5882352941176471, -0.02531645569620253, -0.12558139534883722, -0.39766081871345027, 0.008, 0.15025906735751296, 0.017964071856287425, -0.1901840490797546, -0.16022099447513813, 0.24444444444444444, -0.4520547945205479, 0.6, -0.1276595744680851, 0.6229508196721312, 0.3394495412844037, -0.36470588235294116, 0.5151515151515151, -0.10067114093959731, -0.2222222222222222, 0.8403361344537815, 0.5694444444444444, 0.5294117647058824, 0.42105263157894735, 0.02242152466367713, -0.23404255319148937, 0.12605042016806722, 0.5703703703703704, 0.2549019607843137, 0.07853403141361257, 0.16129032258064516, 0.7322834645669292, 0.271889400921659, -0.21311475409836064, 0.7269076305220884, 0.8181818181818182, -0.24770642201834864, 0.5806451612903226, 0.5151515151515151, 0.43609022556390975, 0.1912568306010929, 0.6293436293436293, -0.6048387096774194, 0.6319018404907976, 0.7078651685393258, 0.40875912408759124, 0.2621359223300971, 0.6015325670498084, -0.12, 0.30103806228373703, -0.5753424657534246, 0.6425855513307985, 0.5607843137254902, 0.7746478873239436, 0.15841584158415842, 0.6205128205128205, 0.8091286307053942, 0.5215311004784688, -0.580110497237569, 0.15151515151515152, -0.1297709923664122, 0.7698412698412699, 0.6502732240437158, 0.3382899628252788, 0.5880149812734082, 0.4144486692015209, 0.6178343949044586, -0.14767932489451477, 0.6102564102564103, 0.25609756097560976, 0.5730337078651685, -0.08641975308641975, 0.7283018867924528, 0.0, 0.6089385474860335, 0.8130081300813008, 0.5555555555555556, 0.6666666666666666, 0.6809338521400778, 0.7293233082706767, 0.2, 0.5661764705882353, 0.44776119402985076, 0.39649122807017545, 0.4482758620689655, 0.3754646840148699, 0.7489878542510121, -0.0035842293906810036, 0.7034220532319392, 0.4117647058823529, -0.10204081632653061, 0.13898305084745763, 0.6014760147601476, -0.1925925925925926, 0.6877323420074349, 0.7536231884057971, 0.5748031496062992, 0.5135135135135135, 0.6076923076923076, -0.040892193308550186, 0.6833976833976834, 0.01276595744680851, 0.5955056179775281, 0.6145454545454545, 0.8888888888888888, 0.34296028880866425, 0.4524714828897338, 0.6410256410256411, 0.7372262773722628, 0.18545454545454546, 0.43911439114391143, -0.34600760456273766, 0.2028985507246377, -0.28, 0.6328125, 0.6023391812865497, 0.6197718631178707, 0.7131782945736435, -0.10434782608695652, 0.6911196911196911, 0.7297297297297297, 0.6923076923076923, 0.5256410256410257, 0.3387096774193548, 0.7254901960784313, -0.024054982817869417, 0.007936507936507936, 0.1099476439790576, -0.07792207792207792, 0.5261324041811847, 0.4014084507042254, 0.7803921568627451, 0.3142857142857143, -0.2818181818181818, 0.4752851711026616, 0.61, -0.13333333333333333, 0.6917293233082706, -0.14556962025316456, 0.20361990950226244, 0.2774869109947644, 0.24822695035460993, 0.5730337078651685, 0.504950495049505, 0.46075085324232085, 0.5294117647058824, 0.4154929577464789, 0.5343915343915344, 0.5338345864661654, 0.17525773195876287, 0.34831460674157305, 0.6461538461538462, 0.4372623574144487, 0.6940298507462687, 0.7768924302788844], "value_est": [0.08889808820486068, 0.06577740584872663, 0.09776115626618266, 0.0919555778928101, 0.09557923716008664, 0.09036461613774299, 0.0969093778051436, 0.09704370675832033, 0.10285507338270546, 0.10060467854365707, 0.09299367210716009, 0.08992171232700348, 0.08639569045230747, 0.08609558751657605, 0.08282770103216171, 0.08238850406110287, 0.10354441408887506, 0.07337947216704488, 0.0764232421606779, 0.1334194323629141, 0.07295669393241405, 0.08620140609815717, 0.08014115312322974, 0.07441073210798203, 0.07741584194079042, 0.09725000573694706, 0.101112790222466, 0.07647792341411114, 0.09933086345158518, 0.07777330727688968, 0.07763739790208637, 0.2496101703092456, 0.1262428842496127, 0.12094235217496753, 0.1869782085556537, 0.15949889516234397, 0.1792461992584169, 0.1414444803595543, 0.1007200823288411, 0.14396367286145687, 0.1989686241019517, 0.15960001919604838, 0.1363413288142532, 0.28145785807929935, 0.1279898671556264, 0.14181655005961658, 0.09468507981263101, 0.17228515377677978, 0.13763441952466965, 0.15327963022626936, 0.1612390248131007, 0.17772825402021408, 0.17102949464172124, 0.13942821761108934, 0.12406805740334094, 0.13234807100594043, 0.23945256450735034, 0.12114923492185771, 0.18526925568506122, 0.15020373339876533, 0.256696343030408, 0.1409669372122735, 0.12206178086660803, 0.18982192710973322, 0.13345676126480102, 0.0688248892955482, 0.2665189660642296, 0.1706451693750918, 0.20093301541209221, 0.16881746773570777, 0.17176342778764664, 0.0799262419231236, 0.12886257076039911, 0.16354236998595298, 0.14195381036773325, 0.15572861604653299, 0.18064087026938797, 0.2648973152566701, 0.18135417917631566, 0.17108438740372658, 0.26128757233545186, 0.2683463678896427, 0.1379501411113888, 0.15503250725492834, 0.258685627264902, 0.2564818840365857, 0.1579326369136572, 0.26660157537348567, 0.1019549106437713, 0.18587557353638112, 0.2701428130991757, 0.2528900303341448, 0.12255312415026129, 0.2623228394843638, 0.1592708567533642, 0.2570994395785034, 0.11100439402498305, 0.27524422672763466, 0.2646013296622783, 0.190145561581105, 0.1704657490927726, 0.2136926017638296, 0.26222709843367337, 0.21575170986913145, 0.13412980153113604, 0.15304868153333664, 0.1718948761895299, 0.26583356346599757, 0.20450627028755844, 0.24457141116075218, 0.271728625709191, 0.2481083115682006, 0.17904684444367885, 0.16364030173644423, 0.21778953904695808, 0.1705423554416746, 0.2653432662446052, 0.15145791043490173, 0.270683744924888, 0.17111101850122212, 0.19096956842131912, 0.2723000522024929, 0.26675990315042436, 0.19924043765328825, 0.2679408593442291, 0.26728091149553657, 0.14249408137127756, 0.261236598649621, 0.2495883817411959, 0.2582747639484704, 0.26170497395806014, 0.25582012908756735, 0.26009537228494883, 0.18126862258762122, 0.2692803649246693, 0.15009264584556223, 0.17975051063857972, 0.23021855715550482, 0.2545144378654659, 0.1546706209048629, 0.26446774721518157, 0.16410502603314817, 0.25978880896754564, 0.2568936648953706, 0.2616561399102211, 0.1711217818442732, 0.259191130341962, 0.15773308439329267, 0.2536003895509988, 0.2663400085095316, 0.15825245419554412, 0.24602065758891403, 0.24841168605573474, 0.2056713941797614, 0.15959723905213177, 0.22792298446297646, 0.25462777457125485, 0.12169645838849247, 0.23521137661002575, 0.14181844146959482, 0.2604898215651512, 0.17849101359583439, 0.26563366885110734, 0.26253769256919623, 0.15672645158134402, 0.26596701297611, 0.2657622888427228, 0.26708287688419224, 0.17206278641596437, 0.13873965233899652, 0.17856220014877616, 0.1769981557544321, 0.1685684049580246, 0.1434413574025035, 0.17499194439947605, 0.2580985039625317, 0.250863109280169, 0.2663492672223598, 0.2439428575735539, 0.1293532442353666, 0.25312908917032184, 0.20653661311976612, 0.1755049995802343, 0.26254904941134155, 0.17141592463441194, 0.17051718289256096, 0.18446695162318646, 0.2331340572372079, 0.17964904184676705, 0.198096432511881, 0.25781660215109586, 0.19615448699370028, 0.25000799681693314, 0.19297229242175817, 0.2566969471625984, 0.23494380947090684, 0.16483218405358493, 0.2594674618612975, 0.25353079114630817, 0.2617958748746663, 