{"time": "2021-06-23_09-37-29", "last_steps": 2000000, "last_episode": 43383, "last_score": 0.6313725490196078, "scores": [-1.0, -1.0, -1.0, -1.0, -1.0, -1.0, -1.0, -1.0, -1.0, -1.0, -1.0, -1.0, -1.0, -1.0, -0.7333333333333333, -0.9333333333333333, -1.0, -1.0, -1.0, -0.2, -0.7407407407407407, -0.9117647058823529, 0.05454545454545454, -0.6052631578947368, -1.0, -0.323943661971831, -0.9252336448598131, -0.6153846153846154, -0.3125, -1.0, 0.13793103448275862, -0.5, 0.6600790513833992, 0.6083916083916084, -0.12727272727272726, 0.1952662721893491, -0.09433962264150944, 0.7312252964426877, 0.5875486381322957, 0.5769230769230769, 0.659919028340081, 0.107981220657277, 0.3150684931506849, 0.6378600823045267, -0.5448717948717948, -0.5740740740740741, -0.5932203389830508, 0.8, 0.68, 0.8064516129032258, -0.24567474048442905, 0.03626943005181347, -0.40236686390532544, 0.5618374558303887, -0.359375, -0.10034602076124567, 0.6108949416342413, -0.3248407643312102, -0.2, 0.3854166666666667, -0.39636363636363636, -0.17073170731707318, -0.9717514124293786, -0.25, -0.5454545454545454, -0.7315436241610739, 0.24705882352941178, 0.28205128205128205, 0.36923076923076925, 0.14705882352941177, -0.2714285714285714, -0.2, 0.16783216783216784, 0.4723926380368098, -0.859375, 0.390625, -0.24571428571428572, 0.630057803468208, -0.41700404858299595, 0.29957805907172996, 0.6704980842911877, -0.10424710424710425, 0.5735294117647058, 0.34673366834170855, 0.7011494252873564, 0.3197278911564626, 0.5471698113207547, 0.52, -0.2446351931330472, -0.7813765182186235, -0.8947368421052632, -0.7875, 0.6194029850746269, 0.27380952380952384, 0.6492537313432836, 0.6640625, 0.0, -0.936046511627907, 0.5357142857142857, 0.7490494296577946, 0.752, -0.1411764705882353, 0.20218579234972678, 0.5478927203065134, 0.3238434163701068, 0.3235294117647059, 0.4552238805970149, -0.09259259259259259, -0.8154761904761905, 0.391304347826087, 0.38308457711442784, 0.5490909090909091, 0.23270440251572327, 0.329608938547486, 0.6271186440677966, -0.3602941176470588, 0.6627906976744186, 0.5234375, 0.2673992673992674, -0.1794871794871795, 0.6896551724137931, 0.08974358974358974, -0.2949640287769784, -0.5364238410596026, -0.046632124352331605, -0.8167330677290837, 0.7760617760617761, 0.45054945054945056, -0.1503267973856209, -0.39568345323741005, -0.02112676056338028, 0.7751937984496124, 0.6833976833976834, 0.59375, 0.2558139534883721, 0.31313131313131315, 0.6901408450704225, 0.1870967741935484, 0.35793357933579334, 0.6446280991735537, 0.33783783783783783, 0.6458333333333334, 0.29936305732484075, -0.44537815126050423, -0.24904214559386972, 0.4007220216606498, -0.23893805309734514, 0.7404580152671756, 0.7698412698412699, 0.5609756097560976, 0.2827586206896552, 0.7707509881422925, 0.6343283582089553, 0.5833333333333334, 0.6867469879518072, -0.18354430379746836, 0.720754716981132, 0.632183908045977, 0.6363636363636364, 0.05970149253731343, 0.627906976744186, 0.01904761904761905, 0.6, 0.6062992125984252, 0.6168582375478927, 0.47692307692307695, 0.5498154981549815, 0.4962962962962963, 0.7267080745341615, 0.42857142857142855, 0.6842105263157895, 0.6653696498054474, 0.5057034220532319, 0.6341463414634146, 0.7857142857142857, 0.5477031802120141, 0.7610062893081762, 0.3829787234042553, 0.4028776978417266, 0.3541666666666667, 0.39097744360902253, 0.7751937984496124, -0.1079136690647482, 0.16778523489932887, 0.5357142857142857, 0.75, 0.5924528301886792, 0.6307692307692307, 0.4681647940074906, 0.753968253968254, 0.6756756756756757, 0.5675675675675675, 0.09036144578313253, -0.21551724137931033, 0.04081632653061224, -0.10738255033557047, 0.26666666666666666, 0.22968197879858657, 0.6600790513833992, 0.6313725490196078, 0.7394636015325671], "value_est": [0.1312774137340486, 0.06779814834501595, 0.14494914059713482, 0.14423940208181737, 0.14987688365578652, 0.1346489434160292, 0.1276878316141665, 0.12048940699547529, 0.11479003263115883, 0.10670503036156297, 0.1033812546029687, 0.09508859363347293, 0.0933503129594028, 0.0883218507796526, 0.09035394579023123, 0.08043791931271553, 0.08009405897781254, 0.07862950295582413, 0.07389943379610776, 0.08090328211411833, 0.08942782532423735, 0.07101662365496159, 0.08890378894433379, 0.07674264071881771, 0.062295771807432176, 0.09080043913610279, 0.06288684920966625, 0.07790999947004021, 0.0976317439287901, 0.055136077474057674, 0.08879088769257068, 0.07536764247566462, 0.2663890003532171, 0.16824508875831962, 0.15314790425151587, 0.1698937338732183, 0.1439710798665881, 0.27548070801496505, 0.2641979794673622, 0.2738967726059258, 0.2618067553535104, 0.18126911513358354, 0.11157851575054228, 0.2613262637667358, 0.13580069596022368, 0.10803814077973366, 0.11533761494234204, 0.18529729636497796, 0.2711286024488509, 0.14520518290325998, 0.17286601542048155, 0.15722654654383658, 0.15050740646868943, 0.26430178253091874, 0.13140098842531442, 0.18355979814752937, 0.264584312325716, 0.10618074170351029, 0.12551542340777813, 0.18882438696362078, 0.13933358539789914, 0.15197966822460293, 0.05733463579043746, 0.09789256271161138, 0.10936159607321023, 0.07632596043497324, 0.16276156091317534, 0.15602295857593418, 0.15344622060209512, 0.09483981672599912, 0.10735648874565959, 0.11924189071245492, 0.23844003328606486, 0.18388286163434386, 0.06612521237544715, 0.24670811579599977, 0.11705080032423139, 0.20674071001932026, 0.12942097263857721, 0.21862661726176738, 0.2687718833580613, 0.17465204608663917, 0.2685051706455648, 0.1980614311657846, 0.2692611491009593, 0.254226542507112, 0.266803803486377, 0.18127101149521768, 0.14670904311612248, 0.0838966665033251, 0.06906230949349701, 0.06769875796511769, 0.2571920430108905, 0.1702553116299212, 0.26734447790980337, 0.2669987070802599, 0.14545075110346078, 0.059894334702193734, 0.2703648967035115, 0.27201700037792326, 0.26676923908777533, 0.12114860517196357, 0.1630107618138194, 0.2643366221211851, 0.24928298866972326, 0.18470258565992118, 0.2626633636541665, 0.15471020079702139, 0.07898218024745583, 0.24032602675668896, 0.18457839954867958, 0.2639128226950765, 0.15242984415218233, 0.18666993838064372, 0.1491692850112915, 0.14615657717362046, 0.20135939813517034, 0.2555327492326498, 0.2412784034512937, 0.17767537473142148, 0.20110345050916076, 0.23193063762672245, 0.16618457235619427, 0.089227582038939, 0.13896763788014652, 0.07494480425715447, 0.26754128462970256, 0.26295160031951964, 0.17281179342530667, 0.12519850047677755, 0.17943960842713713, 0.2677420534744859, 0.26807018150761724, 0.2549751743532717, 0.17774293942078948, 0.18840120500549673, 0.17052203561514617, 0.2409495246451348, 0.24933950999900698, 0.25157654577717187, 0.15944790653139354, 0.13322627939544618, 0.15765387675762177, 0.08040826906859874, 0.14760750338062645, 0.2546209072813392, 0.17979225828684867, 0.27206462875455617, 0.2659593838922679, 0.15073371233083308, 0.2487525523815304, 0.26703626228384675, 0.26822825162969527, 0.26647413129396735, 0.2571956124715507, 0.1767437648076564, 0.269480227034539, 0.2674646631423384, 0.2655232103385031, 0.13165435592979194, 0.26210922299027445, 0.15358888820484282, 0.2607496892847121, 0.2557998526021838, 0.2625804434735328, 0.25748632835783064, 0.2642647957123816, 0.1587158389545977, 0.1858328881058842, 0.26169584172964094, 0.26574224742427466, 0.2630359811976552, 0.2561030771456659, 0.10979319669306278, 0.14863352173827588, 0.2607660998549312, 0.18312018237486483, 0.25378359771594405, 0.2537924903858453, 0.25227158430330454, 0.2469899766806513, 0.2620434718362987, 0.10025219394750894, 0.2293465224079788, 0.24906419018022716, 0.26351505692489446, 0.25744630554504694, 0.25969666960313914, 0.2520721401065588, 0.26315183306895196, 0.2572741095174104, 0.2609965668860823, 0.23894317465126513, 0.14520383004508913, 0.1474572636768222, 0.17500808369070292, 0.24132853698916734, 0.23552501357272268, 0.2509188012432307, 0.2586072047822177, 0.26448985414020715],